SpecID;PassNonPass;IOCOrder;BLFamilyLatin;BLFamilyEnglish;BLFamSequID;Taxo;Scientific;English;Diet-Inv;Diet-Vend;Diet-Vect;Diet-Vfish;Diet-Vunk;Diet-Scav;Diet-Fruit;Diet-Nect;Diet-Seed;Diet-PlantO;Diet-5Cat;Diet-Source;Diet-Certainty;Diet-EnteredBy;ForStrat-watbelowsurf;ForStrat-wataroundsurf;ForStrat-ground;ForStrat-understory;ForStrat-midhigh;ForStrat-canopy;ForStrat-aerial;PelagicSpecialist;ForStrat-Source;ForStrat-SpecLevel;ForStrat-EnteredBy;Nocturnal;BodyMass-Value;BodyMass-Source;BodyMass-SpecLevel;BodyMass-Comment;Record-Comment
28;Nonpasseriformes;Struthioniformes;Struthionidae;Ostriches;2;BL3;Struthio camelus;Ostrich;10;0;0;0;10;0;0;0;30;50;PlantSeed;Ref_1;A;Jennifer;0;0;100;0;0;0;0;0;Ref_1;1;Jessica;0;111000;Dunning08;1;;
37;Nonpasseriformes;Rheiformes;Rheidae;Rheas;3;BL3;Rhea americana;Greater Rhea;20;10;10;0;0;0;20;0;20;20;Omnivore;Ref_1;A;Jennifer;0;0;100;0;0;0;0;0;Ref_1;1;Jessica;0;23000;Dunning08;1;;
38;Nonpasseriformes;Rheiformes;Rheidae;Rheas;3;BL3;Rhea pennata;Lesser Rhea;20;0;0;0;10;0;0;0;30;40;PlantSeed;Ref_1;A;Jennifer;0;0;100;0;0;0;0;0;Ref_1;1;Jessica;0;23900;Dunning08;1;;
45;Nonpasseriformes;Casuariiformes;Casuariidae;Cassowaries;4;BL3;Casuarius casuarius;Southern Cassowary;10;0;0;0;10;0;80;0;0;0;FruiNect;Ref_1;A;Jennifer;0;0;80;20;0;0;0;0;Ref_1;1;Jessica;0;44000;Dunning08;1;;
46;Nonpasseriformes;Casuariiformes;Casuariidae;Cassowaries;4;BL3;Casuarius bennetti;Dwarf Cassowary;10;0;0;0;10;0;80;0;0;0;FruiNect;Ref_1;B;Jennifer;0;0;80;20;0;0;0;0;Ref_1;1;Jessica;0;34999.99;Dunning08;1;;
47;Nonpasseriformes;Casuariiformes;Casuariidae;Cassowaries;4;BL3;Casuarius unappendiculatus;Northern Cassowary;20;0;0;0;10;0;60;0;0;10;FruiNect;Ref_1;A;Jennifer;0;0;80;20;0;0;0;0;Ref_1;1;Jessica;0;46073.85;Dunning08;1;;
48;Nonpasseriformes;Casuariiformes;Dromaiidae;Emus;5;BL3;Dromaius novaehollandiae;Emu;20;0;0;0;0;0;30;0;30;20;Omnivore;Ref_1;A;Jennifer;0;0;20;80;0;0;0;0;Ref_1;1;Jessica;0;34093.25;Dunning08;1;;
55;Nonpasseriformes;Apterygiformes;Apterygidae;Kiwis;6;BL3;Apteryx australis;Southern Brown Kiwi;80;0;0;0;0;0;10;0;0;10;Invertebrate;Ref_1;A;Jennifer;0;0;100;0;0;0;0;0;Ref_1;1;Jessica;1;2320.51;Dunning08;1;;
57;Nonpasseriformes;Apterygiformes;Apterygidae;Kiwis;6;BL3;Apteryx owenii;Little Spotted Kiwi;80;0;0;0;0;0;10;0;0;10;Invertebrate;Ref_1;A;Jennifer;0;0;80;20;0;0;0;0;Ref_1;1;Jessica;1;1238.29;Dunning08;1;;
58;Nonpasseriformes;Apterygiformes;Apterygidae;Kiwis;6;BL3;Apteryx haastii;Great Spotted Kiwi;100;0;0;0;0;0;0;0;0;0;Invertebrate;Ref_1;A;Jennifer;0;0;80;20;0;0;0;0;Ref_1;1;Jessica;1;2022.68;Dunning08;1;;
65;Nonpasseriformes;Tinamiformes;Tinamidae;Tinamous;1;BL3;Tinamus tao;Grey Tinamou;10;0;0;0;0;0;40;0;30;20;Omnivore;Ref_1;A;Jennifer;0;0;100;0;0;0;0;0;Ref_1;1;Jessica;0;1600.1;Dunning08;1;;
66;Nonpasseriformes;Tinamiformes;Tinamidae;Tinamous;1;BL3;Tinamus solitarius;Solitary Tinamou;20;0;0;0;0;0;40;0;20;20;Omnivore;Ref_1;A;Jennifer;0;0;100;0;0;0;0;0;Ref_1;1;Jessica;0;1386.41;Dunning08;1;;
67;Nonpasseriformes;Tinamiformes;Tinamidae;Tinamous;1;BL3;Tinamus osgoodi;Black Tinamou;0;0;0;0;0;0;50;0;40;10;Omnivore;Ref_1;D1;Jennifer;0;0;100;0;0;0;0;0;Genus;0;Walter;0;1285;Dunning08;1;;
68;Nonpasseriformes;Tinamiformes;Tinamidae;Tinamous;1;BL3;Tinamus major;Great Tinamou;20;0;10;0;0;0;40;0;30;0;Omnivore;Ref_1;A;Jennifer;0;0;100;0;0;0;0;0;Ref_1;1;Jessica;0;1026.21;Dunning08;1;;
69;Nonpasseriformes;Tinamiformes;Tinamidae;Tinamous;1;BL3;Tinamus guttatus;White-throated Tinamou;20;0;0;0;20;0;60;0;0;0;FruiNect;Ref_1;B;Jennifer;0;0;100;0;0;0;0;0;Ref_1;1;Jessica;0;686.18;Dunning08;1;;
70;Nonpasseriformes;Tinamiformes;Tinamidae;Tinamous;1;BL3;Nothocercus bonapartei;Highland Tinamou;30;0;0;0;20;0;50;0;0;0;Omnivore;Ref_1;B;Jennifer;0;0;100;0;0;0;0;0;Ref_1;1;Jessica;0;763;Dunning08;1;;
71;Nonpasseriformes;Tinamiformes;Tinamidae;Tinamous;1;BL3;Nothocercus julius;Tawny-breasted Tinamou;30;0;0;0;20;0;30;0;20;0;Omnivore;Ref_1;D1;Jennifer;0;0;100;0;0;0;0;0;Genus;0;Walter;0;674.5;GenAvg;0;;
72;Nonpasseriformes;Tinamiformes;Tinamidae;Tinamous;1;BL3;Nothocercus nigrocapillus;Hooded Tinamou;0;0;0;0;0;0;0;0;100;0;PlantSeed;Ref_1;B;Jennifer;0;0;100;0;0;0;0;0;Ref_1;1;Jessica;0;586;PrimScale;1;MarceloR;
73;Nonpasseriformes;Tinamiformes;Tinamidae;Tinamous;1;BL3;Crypturellus berlepschi;Berlepsch's Tinamou;30;0;0;0;0;0;20;0;40;10;Omnivore;Ref_1;D1;Jennifer;0;0;80;20;0;0;0;0;Genus;0;Walter;0;516.83;Dunning08;1;;
74;Nonpasseriformes;Tinamiformes;Tinamidae;Tinamous;1;BL3;Crypturellus cinereus;Cinereous Tinamou;0;0;0;0;0;0;100;0;0;0;FruiNect;Ref_1;A;Jennifer;0;0;100;0;0;0;0;0;Ref_1;1;Jessica;0;506.63;Dunning08;1;;
75;Nonpasseriformes;Tinamiformes;Tinamidae;Tinamous;1;BL3;Crypturellus soui;Little Tinamou;20;0;0;0;0;0;40;0;20;20;Omnivore;Ref_1;A;Jennifer;0;0;100;0;0;0;0;0;Ref_1;1;Jessica;0;216.16;Dunning08;1;;
76;Nonpasseriformes;Tinamiformes;Tinamidae;Tinamous;1;BL3;Crypturellus ptaritepui;Tepui Tinamou;30;0;0;0;0;0;20;0;40;10;Omnivore;Ref_1;D1;Jennifer;0;0;80;20;0;0;0;0;Genus;0;Walter;0;411.51;GenAvg;0;;
77;Nonpasseriformes;Tinamiformes;Tinamidae;Tinamous;1;BL3;Crypturellus obsoletus;Brown Tinamou;50;0;0;0;0;0;0;0;50;0;Omnivore;Ref_1;A;Jennifer;0;0;100;0;0;0;0;0;Ref_1;1;Jessica;0;443.4;Dunning08;1;;
78;Nonpasseriformes;Tinamiformes;Tinamidae;Tinamous;1;BL3;Crypturellus cinnamomeus;Thicket Tinamou;30;0;10;0;0;0;30;0;30;0;Omnivore;Ref_1;A;Jennifer;0;0;100;0;0;0;0;0;Ref_1;1;Jessica;0;422;Dunning08;1;;
80;Nonpasseriformes;Tinamiformes;Tinamidae;Tinamous;1;BL3;Crypturellus undulatus;Undulated Tinamou;0;0;0;0;0;0;100;0;0;0;FruiNect;Ref_1;A;Jennifer;0;0;100;0;0;0;0;0;Ref_1;1;Jessica;0;564.42;Dunning08;1;;
81;Nonpasseriformes;Tinamiformes;Tinamidae;Tinamous;1;BL3;Crypturellus transfasciatus;Pale-browed Tinamou;30;0;0;0;0;0;20;0;40;10;Omnivore;Ref_1;D1;Jennifer;0;0;80;20;0;0;0;0;Genus;0;Walter;0;283;Dunning08;1;;
82;Nonpasseriformes;Tinamiformes;Tinamidae;Tinamous;1;BL3;Crypturellus strigulosus;Brazilian Tinamou;30;0;0;0;0;0;20;0;40;10;Omnivore;Ref_1;D1;Jennifer;0;0;80;20;0;0;0;0;Genus;0;Walter;0;430.58;Dunning08;1;;
83;Nonpasseriformes;Tinamiformes;Tinamidae;Tinamous;1;BL3;Crypturellus boucardi;Slaty-breasted Tinamou;20;0;0;0;0;0;40;0;40;0;Omnivore;Ref_1;A;Jennifer;0;0;100;0;0;0;0;0;Ref_1;1;Jessica;0;435.62;Dunning08;1;;
84;Nonpasseriformes;Tinamiformes;Tinamidae;Tinamous;1;BL3;Crypturellus kerriae;Choco Tinamou;30;0;0;0;0;0;20;0;40;10;Omnivore;Ref_1;D1;Jennifer;0;0;80;20;0;0;0;0;Genus;0;Walter;0;411.51;GenAvg;0;;
85;Nonpasseriformes;Tinamiformes;Tinamidae;Tinamous;1;BL3;Crypturellus erythropus;Red-legged Tinamou;30;0;0;0;0;0;20;0;40;10;Omnivore;Ref_1;D1;Jennifer;0;0;100;0;0;0;0;0;Ref_1;1;Jessica;0;485;Dunning08;1;;
87;Nonpasseriformes;Tinamiformes;Tinamidae;Tinamous;1;BL3;Crypturellus duidae;Grey-legged Tinamou;30;0;0;0;0;0;20;0;40;10;Omnivore;Ref_1;D1;Jennifer;0;0;80;20;0;0;0;0;Genus;0;Walter;0;426;Dunning08;1;;
88;Nonpasseriformes;Tinamiformes;Tinamidae;Tinamous;1;BL3;Crypturellus noctivagus;Yellow-legged Tinamou;30;0;0;0;0;0;0;0;30;40;PlantSeed;Ref_1;A;Jennifer;0;0;100;0;0;0;0;0;Ref_1;1;Jessica;0;561.99;Dunning08;1;;
89;Nonpasseriformes;Tinamiformes;Tinamidae;Tinamous;1;BL3;Crypturellus atrocapillus;Black-capped Tinamou;30;0;0;0;0;0;20;0;40;10;Omnivore;Ref_1;D1;Jennifer;0;0;80;20;0;0;0;0;Genus;0;Walter;0;453;Dunning08;1;;
90;Nonpasseriformes;Tinamiformes;Tinamidae;Tinamous;1;BL3;Crypturellus variegatus;Variegated Tinamou;0;0;0;0;0;0;100;0;0;0;FruiNect;Ref_1;A;Jennifer;0;0;100;0;0;0;0;0;Ref_1;1;Jessica;0;378;Dunning08;1;;
91;Nonpasseriformes;Tinamiformes;Tinamidae;Tinamous;1;BL3;Crypturellus brevirostris;Rusty Tinamou;30;0;0;0;0;0;20;0;40;10;Omnivore;Ref_1;D1;Jennifer;0;0;80;20;0;0;0;0;Genus;0;Walter;0;411.51;GenAvg;0;;
92;Nonpasseriformes;Tinamiformes;Tinamidae;Tinamous;1;BL3;Crypturellus bartletti;Bartlett's Tinamou;30;0;0;0;0;0;20;0;40;10;Omnivore;Ref_1;D1;Jennifer;0;0;80;20;0;0;0;0;Genus;0;Walter;0;241;Dunning08;1;;
93;Nonpasseriformes;Tinamiformes;Tinamidae;Tinamous;1;BL3;Crypturellus parvirostris;Small-billed Tinamou;40;0;0;0;0;0;0;0;60;0;PlantSeed;Ref_1;A;Jennifer;0;0;100;0;0;0;0;0;Ref_1;1;Jessica;0;198.99;Dunning08;1;;
94;Nonpasseriformes;Tinamiformes;Tinamidae;Tinamous;1;BL3;Crypturellus casiquiare;Barred Tinamou;30;0;0;0;0;0;20;0;40;10;Omnivore;Ref_1;D1;Jennifer;0;0;80;20;0;0;0;0;Genus;0;Walter;0;411.51;GenAvg;0;;
95;Nonpasseriformes;Tinamiformes;Tinamidae;Tinamous;1;BL3;Crypturellus tataupa;Tataupa Tinamou;50;0;0;0;0;0;0;0;30;20;Omnivore;Ref_1;A;Jennifer;0;0;50;50;0;0;0;0;Ref_1;1;Jessica;0;218.8;Dunning08;1;;
96;Nonpasseriformes;Tinamiformes;Tinamidae;Tinamous;1;BL3;Rhynchotus rufescens;Red-winged Tinamou;40;0;0;0;10;0;0;0;30;20;Omnivore;Ref_1;A;Jennifer;0;0;80;20;0;0;0;0;Ref_1;1;Other;0;843.47;Dunning08;1;;
98;Nonpasseriformes;Tinamiformes;Tinamidae;Tinamous;1;BL3;Nothoprocta taczanowskii;Taczanowski's Tinamou;40;0;0;0;0;0;10;0;20;30;Omnivore;Ref_1;D1;Jennifer;0;0;80;20;0;0;0;0;Genus;0;Walter;0;475.31;GenAvg;0;;
100;Nonpasseriformes;Tinamiformes;Tinamidae;Tinamous;1;BL3;Nothoprocta ornata;Ornate Tinamou;20;0;0;0;0;0;10;0;20;50;PlantSeed;Ref_1;A;Jennifer;0;0;60;40;0;0;0;0;Ref_1;1;Jessica;0;619.27;Dunning08;1;;
101;Nonpasseriformes;Tinamiformes;Tinamidae;Tinamous;1;BL3;Nothoprocta pentlandii;Andean Tinamou;20;0;0;0;0;0;10;0;20;50;PlantSeed;Ref_1;A;Jennifer;0;0;100;0;0;0;0;0;Ref_1;1;Jessica;0;300.73;Dunning08;1;;
102;Nonpasseriformes;Tinamiformes;Tinamidae;Tinamous;1;BL3;Nothoprocta cinerascens;Brushland Tinamou;60;0;0;0;0;0;20;0;20;0;Invertebrate;Ref_1;A;Jennifer;0;0;80;20;0;0;0;0;Ref_1;1;Jessica;0;523.89;Dunning08;1;;
103;Nonpasseriformes;Tinamiformes;Tinamidae;Tinamous;1;BL3;Nothoprocta perdicaria;Chilean Tinamou;40;0;0;0;0;0;10;0;20;30;Omnivore;Ref_1;D1;Jennifer;0;0;80;20;0;0;0;0;Genus;0;Walter;0;458;Dunning08;1;;
104;Nonpasseriformes;Tinamiformes;Tinamidae;Tinamous;1;BL3;Nothoprocta curvirostris;Curve-billed Tinamou;40;0;0;0;0;0;10;0;20;30;Omnivore;Ref_1;D1;Jennifer;0;0;80;20;0;0;0;0;Genus;0;Walter;0;376;Dunning08;1;;
105;Nonpasseriformes;Tinamiformes;Tinamidae;Tinamous;1;BL3;Nothura darwinii;Darwin's Nothura;50;0;0;0;0;0;0;0;40;10;Omnivore;Ref_1;A;Jennifer;0;0;100;0;0;0;0;0;Ref_1;1;Jessica;0;244.58;Dunning08;1;;
106;Nonpasseriformes;Tinamiformes;Tinamidae;Tinamous;1;BL3;Nothura chacoensis;Chaco Nothura;40;0;0;0;0;0;20;0;40;0;Omnivore;Ref_1;D1;Jennifer;0;0;100;0;0;0;0;0;Genus;0;Walter;0;226.08;GenAvg;0;;
107;Nonpasseriformes;Tinamiformes;Tinamidae;Tinamous;1;BL3;Nothura maculosa;Spotted Nothura;40;0;0;0;0;0;30;0;30;0;Omnivore;Ref_1;A;Jennifer;0;0;100;0;0;0;0;0;Ref_1;1;Jessica;0;257.48;Dunning08;1;;
108;Nonpasseriformes;Tinamiformes;Tinamidae;Tinamous;1;BL3;Nothura minor;Lesser Nothura;40;0;0;0;0;0;20;0;40;0;Omnivore;Ref_1;D1;Jennifer;0;0;100;0;0;0;0;0;Genus;0;Walter;0;165.8;Dunning08;1;;
109;Nonpasseriformes;Tinamiformes;Tinamidae;Tinamous;1;BL3;Nothura boraquira;White-bellied Nothura;40;0;0;0;0;0;20;0;40;0;Omnivore;Ref_1;D1;Jennifer;0;0;100;0;0;0;0;0;Genus;0;Walter;0;283;Dunning08;1;;
110;Nonpasseriformes;Tinamiformes;Tinamidae;Tinamous;1;BL3;Taoniscus nanus;Dwarf Tinamou;50;0;0;0;0;0;0;0;50;0;Omnivore;Ref_1;A;Jennifer;0;0;80;20;0;0;0;0;Ref_1;1;Jessica;0;43;Dunning08;1;;
111;Nonpasseriformes;Tinamiformes;Tinamidae;Tinamous;1;BL3;Eudromia elegans;Elegant Crested-tinamou;30;0;0;0;0;0;0;0;40;30;PlantSeed;Ref_1;A;Jennifer;0;0;80;20;0;0;0;0;Ref_1;1;Other;0;702.9;Dunning08;1;;
112;Nonpasseriformes;Tinamiformes;Tinamidae;Tinamous;1;BL3;Eudromia formosa;Quebracho Crested-tinamou;30;0;0;0;0;0;0;0;40;30;PlantSeed;Ref_1;D1;Jennifer;0;0;100;0;0;0;0;0;Genus;0;Walter;0;772.93;PrimScale;1;MarceloR;
113;Nonpasseriformes;Tinamiformes;Tinamidae;Tinamous;1;BL3;Tinamotis pentlandii;Puna Tinamou;0;0;0;0;0;0;0;0;40;60;PlantSeed;Ref_1;B;Jennifer;0;0;100;0;0;0;0;0;Ref_1;1;Jessica;0;650;Dunning08;1;;
114;Nonpasseriformes;Tinamiformes;Tinamidae;Tinamous;1;BL3;Tinamotis ingoufi;Patagonian Tinamou;0;0;0;0;0;0;0;0;40;60;PlantSeed;Ref_1;D1;Jennifer;0;0;60;40;0;0;0;0;Ref_1;1;Jessica;0;730;PrimScale;1;MarceloR;
137;Nonpasseriformes;Galliformes;Cracidae;Guans and curassows;8;BL3;Ortalis vetula;Plain Chachalaca;0;0;0;0;0;0;60;0;0;40;FruiNect;Ref_2;A;Jennifer;0;0;0;0;50;50;0;0;Ref_2;1;Jessica;0;562.6;Dunning08;1;;
138;Nonpasseriformes;Galliformes;Cracidae;Guans and curassows;8;BL3;Ortalis cinereiceps;Grey-headed Chachalaca;0;0;0;0;0;0;80;0;0;20;FruiNect;Ref_2;A;Jennifer;0;0;20;0;40;40;0;0;Ref_2;1;Jessica;0;493;Dunning08;1;;
139;Nonpasseriformes;Galliformes;Cracidae;Guans and curassows;8;BL3;Ortalis garrula;Chestnut-winged Chachalaca;0;0;0;0;0;0;60;0;0;40;FruiNect;Ref_2;D1;Jennifer;0;0;0;0;50;50;0;0;Ref_2;1;Jessica;0;532;Dunning08;1;;
140;Nonpasseriformes;Galliformes;Cracidae;Guans and curassows;8;BL3;Ortalis ruficauda;Rufous-vented Chachalaca;0;0;0;0;0;0;60;0;0;40;FruiNect;Ref_2;A;Jennifer;0;0;20;0;40;40;0;0;Ref_2;1;Jessica;0;586.24;Dunning08;1;;
142;Nonpasseriformes;Galliformes;Cracidae;Guans and curassows;8;BL3;Ortalis erythroptera;Rufous-headed Chachalaca;0;0;0;0;0;0;50;0;0;50;Omnivore;Ref_2;C;Jennifer;0;0;20;0;40;40;0;0;Ref_2;1;Jessica;0;632;Dunning08;1;;
143;Nonpasseriformes;Galliformes;Cracidae;Guans and curassows;8;BL3;Ortalis wagleri;Rufous-bellied Chachalaca;0;0;0;0;0;0;100;0;0;0;FruiNect;Ref_2;A;Jennifer;0;0;0;0;50;50;0;0;Ref_2;1;Jessica;0;833.99;Dunning08;1;;
144;Nonpasseriformes;Galliformes;Cracidae;Guans and curassows;8;BL3;Ortalis poliocephala;West Mexican Chachalaca;0;0;0;0;0;0;30;0;30;40;PlantSeed;Ref_2;A;Jennifer;0;0;0;0;50;50;0;0;Ref_2;1;Jessica;0;760;Dunning08;1;;
145;Nonpasseriformes;Galliformes;Cracidae;Guans and curassows;8;BL3;Ortalis canicollis;Chaco Chachalaca;20;0;0;0;0;0;30;0;10;40;Omnivore;Ref_2;A;Jennifer;0;0;20;0;40;40;0;0;Ref_2;1;Jessica;0;539;Dunning08;1;;
146;Nonpasseriformes;Galliformes;Cracidae;Guans and curassows;8;BL3;Ortalis leucogastra;White-bellied Chachalaca;10;0;0;0;0;0;70;0;0;20;FruiNect;Ref_2;A;Jennifer;0;0;10;10;80;0;0;0;Ref_2;1;Other;0;495.82;Dunning08;1;;
147;Nonpasseriformes;Galliformes;Cracidae;Guans and curassows;8;BL3;Ortalis guttata;Speckled Chachalaca;0;0;0;0;0;0;90;0;10;0;FruiNect;Ref_2;B;Jennifer;0;0;0;0;50;50;0;0;Ref_2;1;Jessica;0;547.72;Dunning08;1;;
148;Nonpasseriformes;Galliformes;Cracidae;Guans and curassows;8;BL3;Ortalis motmot;Little Chachalaca;0;0;0;0;0;0;100;0;0;0;FruiNect;Ref_2;A;Jennifer;0;0;33;0;33;33;0;0;Ref_2;1;Jessica;0;520;Dunning08;1;;
149;Nonpasseriformes;Galliformes;Cracidae;Guans and curassows;8;BL3;Ortalis superciliaris;Buff-browed Chachalaca;0;0;0;0;0;0;60;0;0;40;FruiNect;Ref_2;D1;Jennifer;0;0;20;0;40;40;0;0;Genus;0;Walter;0;578.6;GenAvg;0;;
150;Nonpasseriformes;Galliformes;Cracidae;Guans and curassows;8;BL3;Penelope argyrotis;Band-tailed Guan;0;0;0;0;0;0;100;0;0;0;FruiNect;Ref_2;A;Jennifer;0;0;20;0;40;40;0;0;Ref_2;1;Jessica;0;806.71;Dunning08;1;;
151;Nonpasseriformes;Galliformes;Cracidae;Guans and curassows;8;BL3;Penelope barbata;Bearded Guan;0;0;0;0;0;0;100;0;0;0;FruiNect;Ref_2;A;Jennifer;0;0;33;0;33;33;0;0;Ref_2;1;Jessica;0;1179.66;GenAvg;0;;
152;Nonpasseriformes;Galliformes;Cracidae;Guans and curassows;8;BL3;Penelope ortoni;Baudo Guan;0;0;0;0;0;0;80;0;0;20;FruiNect;Ref_2;D1;Jennifer;0;0;20;0;50;30;0;0;Genus;0;Walter;0;1179.66;GenAvg;0;;
153;Nonpasseriformes;Galliformes;Cracidae;Guans and curassows;8;BL3;Penelope montagnii;Andean Guan;0;0;0;0;0;0;100;0;0;0;FruiNect;Ref_2;A;Jennifer;0;0;0;0;100;0;0;0;Ref_2;1;Jessica;0;706;Dunning08;1;;
154;Nonpasseriformes;Galliformes;Cracidae;Guans and curassows;8;BL3;Penelope marail;Marail Guan;0;0;0;0;0;0;100;0;0;0;FruiNect;Ref_2;A;Jennifer;0;0;20;0;40;40;0;0;Ref_2;1;Jessica;0;879.67;Dunning08;1;;
155;Nonpasseriformes;Galliformes;Cracidae;Guans and curassows;8;BL3;Penelope superciliaris;Rusty-margined Guan;10;0;0;0;0;0;90;0;0;0;FruiNect;Ref_2;A;Jennifer;0;0;33;0;33;33;0;0;Ref_2;1;Jessica;0;894.99;Dunning08;1;;
156;Nonpasseriformes;Galliformes;Cracidae;Guans and curassows;8;BL3;Penelope dabbenei;Red-faced Guan;0;0;0;0;0;0;80;0;0;20;FruiNect;Ref_2;D1;Jennifer;0;0;0;0;70;30;0;0;Ref_2;1;Jessica;0;1230;Dunning08;1;;
157;Nonpasseriformes;Galliformes;Cracidae;Guans and curassows;8;BL3;Penelope purpurascens;Crested Guan;10;0;0;0;0;0;70;0;0;20;FruiNect;Ref_2;A;Jennifer;0;0;20;0;40;40;0;0;Ref_2;1;Jessica;0;2060;Dunning08;1;;
158;Nonpasseriformes;Galliformes;Cracidae;Guans and curassows;8;BL3;Penelope perspicax;Cauca Guan;0;0;0;0;0;0;80;0;0;20;FruiNect;Ref_2;D1;Jennifer;0;0;0;0;80;20;0;0;Ref_2;1;Jessica;0;1179.66;GenAvg;0;;
159;Nonpasseriformes;Galliformes;Cracidae;Guans and curassows;8;BL3;Penelope albipennis;White-winged Guan;0;0;0;0;0;0;50;0;0;50;Omnivore;Ref_2;A;Jennifer;0;0;0;0;50;50;0;0;Ref_2;1;Jessica;0;1750;Dunning08;1;;
160;Nonpasseriformes;Galliformes;Cracidae;Guans and curassows;8;BL3;Penelope jacquacu;Spix's Guan;0;0;0;0;0;0;80;0;20;0;FruiNect;Ref_2;A;Jennifer;0;0;0;0;60;40;0;0;Ref_2;1;Other;0;1487.9;Dunning08;1;;
161;Nonpasseriformes;Galliformes;Cracidae;Guans and curassows;8;BL3;Penelope obscura;Dusky-legged Guan;0;0;0;0;0;0;80;0;0;20;FruiNect;Ref_2;D1;Jennifer;0;0;30;30;30;10;0;0;Ref_2;1;Other;0;1770;Dunning08;1;;
162;Nonpasseriformes;Galliformes;Cracidae;Guans and curassows;8;BL3;Penelope pileata;White-crested Guan;0;0;0;0;0;0;80;0;0;20;FruiNect;Ref_2;D1;Jennifer;0;0;20;0;50;30;0;0;Genus;0;Walter;0;1249.79;Dunning08;1;;
163;Nonpasseriformes;Galliformes;Cracidae;Guans and curassows;8;BL3;Penelope ochrogaster;Chestnut-bellied Guan;0;0;0;0;0;0;70;0;0;30;FruiNect;Ref_2;C;Jennifer;0;0;20;0;50;30;0;0;Genus;0;Walter;0;1179.66;GenAvg;0;;
164;Nonpasseriformes;Galliformes;Cracidae;Guans and curassows;8;BL3;Penelope jacucaca;White-browed Guan;0;0;0;0;0;0;80;0;0;20;FruiNect;Ref_2;D1;Jennifer;0;0;20;0;40;40;0;0;Ref_2;1;Jessica;0;1282;PrimScale;1;;
165;Nonpasseriformes;Galliformes;Cracidae;Guans and curassows;8;BL3;Pipile pipile;Trinidad Piping-guan;0;0;0;0;0;0;100;0;0;0;FruiNect;Ref_2;A;Jennifer;0;0;0;0;50;50;0;0;Ref_2;1;Jessica;0;1816.59;Dunning08;1;;
166;Nonpasseriformes;Galliformes;Cracidae;Guans and curassows;8;BL3;Pipile cumanensis;Blue-throated Piping-guan;10;0;0;0;0;0;80;0;0;10;FruiNect;Ref_2;A;Jennifer;0;0;0;0;30;70;0;0;Ref_2;1;Other;0;1239.22;Dunning08;1;;
167;Nonpasseriformes;Galliformes;Cracidae;Guans and curassows;8;BL3;Pipile cujubi;Red-throated Piping-guan;10;0;0;0;0;0;60;0;20;10;FruiNect;Ref_2;D1;Jennifer;0;0;20;0;40;40;0;0;Genus;0;Walter;0;1195.82;Dunning08;1;;
168;Nonpasseriformes;Galliformes;Cracidae;Guans and curassows;8;BL3;Pipile jacutinga;Black-fronted Piping-guan;10;0;0;0;0;0;70;0;10;10;FruiNect;Ref_2;A;Jennifer;0;0;20;0;40;40;0;0;Ref_2;1;Jessica;0;1240.96;Dunning08;1;;
169;Nonpasseriformes;Galliformes;Cracidae;Guans and curassows;8;BL3;Aburria aburri;Wattled Guan;0;0;0;0;0;0;100;0;0;0;FruiNect;Ref_2;A;Jennifer;0;0;0;0;100;0;0;0;Ref_2;1;Jessica;0;1405.08;Dunning08;1;;
170;Nonpasseriformes;Galliformes;Cracidae;Guans and curassows;8;BL3;Chamaepetes unicolor;Black Guan;0;0;0;0;0;0;80;0;0;20;FruiNect;Ref_2;A;Jennifer;0;0;20;0;40;40;0;0;Ref_2;1;Jessica;0;1135;Dunning08;1;;
171;Nonpasseriformes;Galliformes;Cracidae;Guans and curassows;8;BL3;Chamaepetes goudotii;Sickle-winged Guan;0;0;0;0;0;0;80;0;10;10;FruiNect;Ref_2;A;Jennifer;0;0;20;0;40;40;0;0;Ref_2;1;Jessica;0;727.67;Dunning08;1;;
172;Nonpasseriformes;Galliformes;Cracidae;Guans and curassows;8;BL3;Penelopina nigra;Highland Guan;0;0;0;0;0;0;100;0;0;0;FruiNect;Ref_2;B;Jennifer;0;0;20;0;40;40;0;0;Ref_2;1;Jessica;0;889.99;Dunning08;1;;
173;Nonpasseriformes;Galliformes;Cracidae;Guans and curassows;8;BL3;Oreophasis derbianus;Horned Guan;0;0;0;0;0;0;50;0;0;50;Omnivore;Ref_2;A;Jennifer;0;0;20;0;80;0;0;0;Ref_2;1;Other;0;2071.54;Dunning08;1;;
174;Nonpasseriformes;Galliformes;Cracidae;Guans and curassows;8;BL3;Nothocrax urumutum;Nocturnal Curassow;0;0;0;0;0;0;70;0;10;20;FruiNect;Ref_2;D2;Jennifer;0;0;100;0;0;0;0;0;Ref_2;1;Jessica;0;1700;Dunning08;1;;
175;Nonpasseriformes;Galliformes;Cracidae;Guans and curassows;8;BL3;Mitu tomentosum;Crestless Curassow;0;0;0;0;0;0;70;0;20;10;FruiNect;Ref_2;D1;Jennifer;0;0;70;20;10;0;0;0;Ref_2;1;Other;0;2187.62;Dunning08;1;;
176;Nonpasseriformes;Galliformes;Cracidae;Guans and curassows;8;BL3;Mitu salvini;Salvin's Curassow;0;0;0;0;0;0;40;0;40;20;PlantSeed;Ref_2;A;Jennifer;0;0;100;0;0;0;0;0;Ref_2;1;Jessica;0;3100;Dunning08;1;;
177;Nonpasseriformes;Galliformes;Cracidae;Guans and curassows;8;BL3;Mitu tuberosum;Razor-billed Curassow;10;0;0;0;0;0;70;0;10;10;FruiNect;Ref_2;A;Jennifer;0;0;90;10;0;0;0;0;Ref_2;1;Other;0;2769.46;Dunning08;1;;
178;Nonpasseriformes;Galliformes;Cracidae;Guans and curassows;8;BL3;Mitu mitu;Alagoas Curassow;0;0;0;0;0;0;100;0;0;0;FruiNect;Ref_2;C;Jennifer;0;0;100;0;0;0;0;0;Ref_2;1;Jessica;0;2850.47;Dunning08;1;;
179;Nonpasseriformes;Galliformes;Cracidae;Guans and curassows;8;BL3;Pauxi pauxi;Helmeted Curassow;0;0;0;0;0;0;40;0;40;20;PlantSeed;Ref_2;A;Jennifer;0;0;70;30;0;0;0;0;Ref_2;1;Other;0;3117.69;Dunning08;1;;
180;Nonpasseriformes;Galliformes;Cracidae;Guans and curassows;8;BL3;Pauxi unicornis;Horned Curassow;0;0;0;0;0;0;30;0;70;0;PlantSeed;Ref_2;A;Jennifer;0;0;100;0;0;0;0;0;Ref_2;1;Jessica;0;3743.23;Dunning08;1;;
181;Nonpasseriformes;Galliformes;Cracidae;Guans and curassows;8;BL3;Crax rubra;Great Curassow;10;0;0;0;0;0;80;0;0;10;FruiNect;Ref_2;A;Jennifer;0;0;80;20;0;0;0;0;Ref_2;1;Jessica;0;4133;Dunning08;1;;
182;Nonpasseriformes;Galliformes;Cracidae;Guans and curassows;8;BL3;Crax alberti;Blue-billed Curassow;0;0;0;0;0;0;90;0;0;10;FruiNect;Ref_2;D1;Jennifer;0;0;100;0;0;0;0;0;Ref_2;1;Jessica;0;2800;PrimScale;1;MarceloR;
183;Nonpasseriformes;Galliformes;Cracidae;Guans and curassows;8;BL3;Crax daubentoni;Yellow-knobbed Curassow;0;0;0;0;0;0;90;0;0;10;FruiNect;Ref_2;D1;Jennifer;0;0;30;30;20;20;0;0;Ref_2;1;Other;0;2499.91;Dunning08;1;;
184;Nonpasseriformes;Galliformes;Cracidae;Guans and curassows;8;BL3;Crax alector;Black Curassow;0;0;0;0;0;0;90;0;0;10;FruiNect;Ref_2;A;Jennifer;0;0;80;20;0;0;0;0;Ref_2;1;Other;0;2872;Dunning08;1;;
185;Nonpasseriformes;Galliformes;Cracidae;Guans and curassows;8;BL3;Crax globulosa;Wattled Curassow;20;0;0;0;10;0;50;0;20;0;Omnivore;Ref_2;D1;Jennifer;0;0;60;20;20;0;0;0;Ref_2;1;Jessica;0;2500;Dunning08;1;;
186;Nonpasseriformes;Galliformes;Cracidae;Guans and curassows;8;BL3;Crax fasciolata;Bare-faced Curassow;0;0;0;0;0;0;80;0;10;10;FruiNect;Ref_2;A;Jennifer;0;0;80;20;0;0;0;0;Ref_2;1;Other;0;2600;Dunning08;1;;
190;Nonpasseriformes;Galliformes;Cracidae;Guans and curassows;8;BL3;Crax blumenbachii;Red-billed Curassow;10;0;0;0;0;0;70;0;10;10;FruiNect;Ref_2;A;Jennifer;0;0;60;20;20;0;0;0;Ref_2;1;Jessica;0;3500;Dunning08;1;;
195;Nonpasseriformes;Galliformes;Megapodiidae;Megapodes;7;BL3;Alectura lathami;Australian Brush-turkey;20;0;0;0;0;0;20;0;20;40;PlantSeed;Ref_2;A;Jennifer;0;0;80;20;0;0;0;0;Ref_2;1;Other;0;2333.06;Dunning08;1;;
196;Nonpasseriformes;Galliformes;Megapodiidae;Megapodes;7;BL3;Aepypodius arfakianus;Wattled Brush-turkey;10;0;0;0;0;0;50;0;40;0;Omnivore;Ref_2;A;Jennifer;0;0;100;0;0;0;0;0;Ref_2;1;Jessica;0;1463.8;Dunning08;1;;
197;Nonpasseriformes;Galliformes;Megapodiidae;Megapodes;7;BL3;Aepypodius bruijnii;Bruijn's Brush-turkey;10;0;0;0;0;0;50;0;40;0;Omnivore;Ref_2;D1;Jennifer;0;0;100;0;0;0;0;0;Genus;0;Walter;0;192;GenAvg;0;;
198;Nonpasseriformes;Galliformes;Megapodiidae;Megapodes;7;BL3;Talegalla cuvieri;Red-billed Brush-turkey;60;0;10;0;0;0;30;0;0;0;Invertebrate;Ref_2;D1;Jennifer;0;0;100;0;0;0;0;0;Genus;0;Walter;0;1785;Dunning08;1;;
199;Nonpasseriformes;Galliformes;Megapodiidae;Megapodes;7;BL3;Talegalla fuscirostris;Black-billed Brush-turkey;60;0;10;0;0;0;30;0;0;0;Invertebrate;Ref_2;A;Jennifer;0;0;100;0;0;0;0;0;Ref_2;1;Jessica;0;1314.47;Dunning08;1;;
200;Nonpasseriformes;Galliformes;Megapodiidae;Megapodes;7;BL3;Talegalla jobiensis;Brown-collared Brush-turkey;60;0;10;0;0;0;30;0;0;0;Invertebrate;Ref_2;D1;Jennifer;0;0;100;0;0;0;0;0;Genus;0;Walter;0;1478.81;Dunning08;1;;
201;Nonpasseriformes;Galliformes;Megapodiidae;Megapodes;7;BL3;Macrocephalon maleo;Maleo;60;0;0;0;0;0;40;0;0;0;Invertebrate;Ref_2;A;Jennifer;0;0;100;0;0;0;0;0;Ref_2;1;Jessica;0;1563.26;Dunning08;1;;
202;Nonpasseriformes;Galliformes;Megapodiidae;Megapodes;7;BL3;Megapodius nicobariensis;Nicobar Megapode;100;0;0;0;0;0;0;0;0;0;Invertebrate;Ref_2;A;Jennifer;0;0;100;0;0;0;0;0;Ref_2;1;Jessica;0;836.69;Dunning08;1;;
203;Nonpasseriformes;Galliformes;Megapodiidae;Megapodes;7;BL3;Megapodius cumingii;Tabon Megapode;100;0;0;0;0;0;0;0;0;0;Invertebrate;Ref_2;A;Jennifer;0;0;100;0;0;0;0;0;Ref_2;1;Jessica;0;1044;PrimScale;1;MarceloR;
204;Nonpasseriformes;Galliformes;Megapodiidae;Megapodes;7;BL3;Megapodius bernsteinii;Sula Megapode;100;0;0;0;0;0;0;0;0;0;Invertebrate;Ref_2;A;Jennifer;0;0;100;0;0;0;0;0;Ref_2;1;Other;0;768.57;GenAvg;0;;
206;Nonpasseriformes;Galliformes;Megapodiidae;Megapodes;7;BL3;Megapodius reinwardt;Orange-footed Megapode;30;0;0;0;0;0;0;0;0;70;PlantSeed;Ref_2;A;Jennifer;0;0;100;0;0;0;0;0;Ref_2;1;Jessica;0;875.81;Dunning08;1;;
207;Nonpasseriformes;Galliformes;Megapodiidae;Megapodes;7;BL3;Megapodius freycinet;Dusky Megapode;100;0;0;0;0;0;0;0;0;0;Invertebrate;Ref_2;A;Jennifer;0;0;100;0;0;0;0;0;Ref_2;1;Jessica;0;642.48;Dunning08;1;;
210;Nonpasseriformes;Galliformes;Megapodiidae;Megapodes;7;BL3;Megapodius affinis;New Guinea Megapode;70;0;0;0;0;0;10;0;10;10;Invertebrate;Ref_2;D1;Jennifer;0;0;90;10;0;0;0;0;Genus;0;Walter;0;666.34;Dunning08;1;;
211;Nonpasseriformes;Galliformes;Megapodiidae;Megapodes;7;BL3;Megapodius eremita;Melanesian Megapode;30;0;0;0;0;0;40;0;30;0;Omnivore;Ref_2;A;Jennifer;0;0;100;0;0;0;0;0;Ref_2;1;Jessica;0;676.67;Dunning08;1;;
212;Nonpasseriformes;Galliformes;Megapodiidae;Megapodes;7;BL3;Megapodius layardi;Vanuatu Megapode;70;0;0;0;0;0;10;0;10;10;Invertebrate;Ref_2;A;Jennifer;0;0;100;0;0;0;0;0;Ref_2;1;Jessica;0;768.57;GenAvg;0;;
213;Nonpasseriformes;Galliformes;Megapodiidae;Megapodes;7;BL3;Megapodius laperouse;Micronesian Megapode;70;0;0;0;0;0;10;0;10;10;Invertebrate;Ref_2;D1;Jennifer;0;0;100;0;0;0;0;0;Ref_2;1;Jessica;0;308;Dunning08;1;;
214;Nonpasseriformes;Galliformes;Megapodiidae;Megapodes;7;BL3;Megapodius pritchardii;Polynesian Megapode;100;0;0;0;0;0;0;0;0;0;Invertebrate;Ref_2;A;Jennifer;0;0;100;0;0;0;0;0;Ref_2;1;Jessica;0;365;Dunning08;1;;
215;Nonpasseriformes;Galliformes;Megapodiidae;Megapodes;7;BL3;Eulipoa wallacei;Moluccan Megapode;70;0;0;0;0;0;10;0;10;10;Invertebrate;Ref_2;D1;Jennifer;0;0;90;10;0;0;0;0;Genus;0;Walter;0;504.97;Dunning08;1;;
216;Nonpasseriformes;Galliformes;Megapodiidae;Megapodes;7;BL3;Leipoa ocellata;Malleefowl;10;0;0;0;0;0;10;0;40;40;PlantSeed;Ref_2;A;Jennifer;0;0;70;30;0;0;0;0;Ref_2;1;Other;0;1913.89;Dunning08;1;;
228;Nonpasseriformes;Galliformes;Phasianidae;Grouse  pheasants and partridges;11;BL3;Lerwa lerwa;Snow Partridge;0;0;0;0;0;0;0;0;20;80;PlantSeed;Ref_2;A;Jennifer;0;0;100;0;0;0;0;0;Ref_2;1;Jessica;0;567.34;Dunning08;1;;
229;Nonpasseriformes;Galliformes;Phasianidae;Grouse  pheasants and partridges;11;BL3;Ammoperdix griseogularis;See-see Partridge;10;0;0;0;0;0;20;0;20;50;PlantSeed;Ref_2;A;Jennifer;0;0;100;0;0;0;0;0;Ref_2;1;Jessica;0;201.86;Dunning08;1;;
230;Nonpasseriformes;Galliformes;Phasianidae;Grouse  pheasants and partridges;11;BL3;Ammoperdix heyi;Sand Partridge;30;0;0;0;0;0;30;0;30;10;Omnivore;Ref_2;A;Jennifer;0;0;100;0;0;0;0;0;Ref_2;1;Jessica;0;189.73;Dunning08;1;;
231;Nonpasseriformes;Galliformes;Phasianidae;Grouse  pheasants and partridges;11;BL3;Tetraogallus caucasicus;Caucasian Snowcock;0;0;0;0;0;0;0;0;0;100;PlantSeed;Ref_2;A;Jennifer;0;0;50;50;0;0;0;0;Ref_2;1;Jessica;0;1830.79;Dunning08;1;;
232;Nonpasseriformes;Galliformes;Phasianidae;Grouse  pheasants and partridges;11;BL3;Tetraogallus caspius;Caspian Snowcock;0;0;0;0;0;0;0;0;0;100;PlantSeed;Ref_2;B;Jennifer;0;0;50;50;0;0;0;0;Ref_2;1;Jessica;0;2508.24;Dunning08;1;;
233;Nonpasseriformes;Galliformes;Phasianidae;Grouse  pheasants and partridges;11;BL3;Tetraogallus tibetanus;Tibetan Snowcock;0;0;0;0;0;0;0;0;0;100;PlantSeed;Ref_2;B;Jennifer;0;0;100;0;0;0;0;0;Ref_2;1;Jessica;0;1488.87;Dunning08;1;;
234;Nonpasseriformes;Galliformes;Phasianidae;Grouse  pheasants and partridges;11;BL3;Tetraogallus altaicus;Altai Snowcock;10;0;0;0;0;0;20;0;20;50;PlantSeed;Ref_2;A;Jennifer;0;0;100;0;0;0;0;0;Ref_2;1;Jessica;0;2760.43;Dunning08;1;;
235;Nonpasseriformes;Galliformes;Phasianidae;Grouse  pheasants and partridges;11;BL3;Tetraogallus himalayensis;Himalayan Snowcock;0;0;0;0;0;0;20;0;0;80;PlantSeed;Ref_2;A;Jennifer;0;0;100;0;0;0;0;0;Ref_2;1;Jessica;0;2428;Dunning08;1;;
236;Nonpasseriformes;Galliformes;Phasianidae;Grouse  pheasants and partridges;11;BL3;Tetraophasis obscurus;Chestnut-throated Partridge;0;0;0;0;0;0;10;0;0;90;PlantSeed;Ref_2;D1;Jennifer;0;0;70;30;0;0;0;0;Genus;0;Walter;0;855.35;Dunning08;1;;
237;Nonpasseriformes;Galliformes;Phasianidae;Grouse  pheasants and partridges;11;BL3;Tetraophasis szechenyii;Buff-throated Partridge;0;0;0;0;0;0;0;0;0;100;PlantSeed;Ref_2;A;Jennifer;0;0;100;0;0;0;0;0;Ref_2;1;Jessica;0;1052.99;Dunning08;1;;
239;Nonpasseriformes;Galliformes;Phasianidae;Grouse  pheasants and partridges;11;BL3;Alectoris barbara;Barbary Partridge;10;0;0;0;0;0;20;0;20;50;PlantSeed;Ref_2;A;Jennifer;0;0;80;20;0;0;0;0;Ref_2;1;Jessica;0;416.33;Dunning08;1;;
240;Nonpasseriformes;Galliformes;Phasianidae;Grouse  pheasants and partridges;11;BL3;Alectoris melanocephala;Arabian Partridge;30;0;0;0;0;0;0;0;30;40;PlantSeed;Ref_2;A;Jennifer;0;0;100;0;0;0;0;0;Ref_2;1;Jessica;0;614.75;Dunning08;1;;
241;Nonpasseriformes;Galliformes;Phasianidae;Grouse  pheasants and partridges;11;BL3;Alectoris chukar;Chukar;20;0;0;0;0;0;0;0;10;70;PlantSeed;Ref_2;A;Jennifer;0;0;100;0;0;0;0;0;Ref_2;1;Jessica;0;502.1;Dunning08;1;;
242;Nonpasseriformes;Galliformes;Phasianidae;Grouse  pheasants and partridges;11;BL3;Alectoris philbyi;Philby's Partridge;30;0;0;0;0;0;0;0;30;40;PlantSeed;Ref_2;B;Jennifer;0;0;100;0;0;0;0;0;Ref_2;1;Jessica;0;441;Dunning08;1;;
243;Nonpasseriformes;Galliformes;Phasianidae;Grouse  pheasants and partridges;11;BL3;Alectoris magna;Rusty-necklaced Partridge;10;0;0;0;0;0;0;0;20;70;PlantSeed;Ref_2;A;Jennifer;0;0;100;0;0;0;0;0;Ref_2;1;Jessica;0;541.35;Dunning08;1;;
244;Nonpasseriformes;Galliformes;Phasianidae;Grouse  pheasants and partridges;11;BL3;Alectoris graeca;Rock Partridge;30;0;0;0;0;0;0;0;0;70;PlantSeed;Ref_2;A;Jennifer;0;0;100;0;0;0;0;0;Ref_2;1;Jessica;0;594.11;Dunning08;1;;
245;Nonpasseriformes;Galliformes;Phasianidae;Grouse  pheasants and partridges;11;BL3;Alectoris rufa;Red-legged Partridge;10;0;0;0;0;0;10;0;20;60;PlantSeed;Ref_2;A;Jennifer;0;0;100;0;0;0;0;0;Ref_2;1;Jessica;0;527.86;Dunning08;1;;
247;Nonpasseriformes;Galliformes;Phasianidae;Grouse  pheasants and partridges;11;BL3;Francolinus francolinus;Black Francolin;10;0;0;0;0;0;0;20;20;50;PlantSeed;Ref_2;A;Jennifer;0;0;100;0;0;0;0;0;Ref_2;1;Jessica;0;452.07;Dunning08;1;;
248;Nonpasseriformes;Galliformes;Phasianidae;Grouse  pheasants and partridges;11;BL3;Francolinus pictus;Painted Francolin;10;0;0;0;0;0;20;20;0;50;Omnivore;Ref_2;A;Jennifer;0;0;100;0;0;0;0;0;Ref_2;1;Jessica;0;286.84;Dunning08;1;;
249;Nonpasseriformes;Galliformes;Phasianidae;Grouse  pheasants and partridges;11;BL3;Francolinus pintadeanus;Chinese Francolin;30;0;0;0;0;0;0;0;40;30;PlantSeed;Ref_2;A;Jennifer;0;0;100;0;0;0;0;0;Ref_2;1;Jessica;0;310;Dunning08;1;;
250;Nonpasseriformes;Galliformes;Phasianidae;Grouse  pheasants and partridges;11;BL3;Francolinus pondicerianus;Grey Francolin;10;0;0;0;0;0;20;0;30;40;PlantSeed;Ref_2;A;Jennifer;0;0;100;0;0;0;0;0;Ref_2;1;Jessica;0;249.94;Dunning08;1;;
251;Nonpasseriformes;Galliformes;Phasianidae;Grouse  pheasants and partridges;11;BL3;Francolinus gularis;Swamp Francolin;20;0;0;0;0;0;0;0;40;40;PlantSeed;Ref_2;A;Jennifer;0;0;100;0;0;0;0;0;Ref_2;1;Jessica;0;509.99;Dunning08;1;;
252;Nonpasseriformes;Galliformes;Phasianidae;Grouse  pheasants and partridges;11;BL3;Francolinus coqui;Coqui Francolin;20;0;0;0;0;0;0;0;40;40;PlantSeed;Ref_2;A;Jennifer;0;0;100;0;0;0;0;0;Ref_2;1;Jessica;0;262;Dunning08;1;;
253;Nonpasseriformes;Galliformes;Phasianidae;Grouse  pheasants and partridges;11;BL3;Francolinus albogularis;White-throated Francolin;50;0;0;0;0;0;0;0;30;20;Omnivore;Ref_2;A;Jennifer;0;0;100;0;0;0;0;0;Ref_2;1;Jessica;0;276;Dunning08;1;;
254;Nonpasseriformes;Galliformes;Phasianidae;Grouse  pheasants and partridges;11;BL3;Francolinus schlegelii;Schlegel's Francolin;20;0;0;0;0;0;0;0;40;40;PlantSeed;Ref_2;A;Jennifer;0;0;100;0;0;0;0;0;Ref_2;1;Jessica;0;236.58;Dunning08;1;;
255;Nonpasseriformes;Galliformes;Phasianidae;Grouse  pheasants and partridges;11;BL3;Francolinus lathami;Forest Francolin;90;0;0;0;0;0;10;0;0;0;Invertebrate;Ref_2;A;Jennifer;0;0;80;20;0;0;0;0;Ref_2;1;Jessica;0;269;Dunning08;1;;
256;Nonpasseriformes;Galliformes;Phasianidae;Grouse  pheasants and partridges;11;BL3;Francolinus sephaena;Crested Francolin;70;0;0;0;0;0;10;0;0;20;Invertebrate;Ref_2;A;Jennifer;0;0;100;0;0;0;0;0;Ref_2;1;Jessica;0;340.47;Dunning08;1;;
259;Nonpasseriformes;Galliformes;Phasianidae;Grouse  pheasants and partridges;11;BL3;Francolinus streptophorus;Ring-necked Francolin;50;0;0;0;0;0;0;0;30;20;Omnivore;Ref_2;A;Jennifer;0;0;100;0;0;0;0;0;Ref_2;1;Jessica;0;385;Dunning08;1;;
260;Nonpasseriformes;Galliformes;Phasianidae;Grouse  pheasants and partridges;11;BL3;Francolinus finschi;Finsch's Francolin;60;0;0;0;0;0;0;0;40;0;Invertebrate;Ref_2;A;Jennifer;0;0;100;0;0;0;0;0;Ref_2;1;Jessica;0;569.2;Dunning08;1;;
261;Nonpasseriformes;Galliformes;Phasianidae;Grouse  pheasants and partridges;11;BL3;Francolinus africanus;Grey-winged Francolin;20;0;0;0;0;0;10;0;10;60;PlantSeed;Ref_2;A;Jennifer;0;0;80;20;0;0;0;0;Ref_2;1;Jessica;0;389.68;Dunning08;1;;
262;Nonpasseriformes;Galliformes;Phasianidae;Grouse  pheasants and partridges;11;BL3;Francolinus levaillantii;Red-winged Francolin;40;0;0;0;0;0;0;0;0;60;PlantSeed;Ref_2;A;Jennifer;0;0;100;0;0;0;0;0;Ref_2;1;Jessica;0;430.88;Dunning08;1;;
263;Nonpasseriformes;Galliformes;Phasianidae;Grouse  pheasants and partridges;11;BL3;Francolinus psilolaemus;Moorland Francolin;0;0;0;0;0;0;0;0;0;100;PlantSeed;Ref_2;C;Jennifer;0;0;100;0;0;0;0;0;Ref_2;1;Jessica;0;478.33;Dunning08;1;;
264;Nonpasseriformes;Galliformes;Phasianidae;Grouse  pheasants and partridges;11;BL3;Francolinus shelleyi;Shelley's Francolin;30;0;0;0;0;0;0;0;20;50;PlantSeed;Ref_2;A;Jennifer;0;0;100;0;0;0;0;0;Ref_2;1;Jessica;0;488;Dunning08;1;;
265;Nonpasseriformes;Galliformes;Phasianidae;Grouse  pheasants and partridges;11;BL3;Francolinus levaillantoides;Orange River Francolin;20;0;0;0;0;0;20;0;20;40;PlantSeed;Ref_2;A;Jennifer;0;0;80;20;0;0;0;0;Ref_2;1;Jessica;0;376.69;Dunning08;1;;
267;Nonpasseriformes;Galliformes;Phasianidae;Grouse  pheasants and partridges;11;BL3;Francolinus nahani;Nahan's Francolin;20;0;0;0;0;0;20;0;30;30;PlantSeed;Ref_2;D1;Jennifer;0;0;100;0;0;0;0;0;Ref_2;1;Jessica;0;310;Dunning08;1;;
268;Nonpasseriformes;Galliformes;Phasianidae;Grouse  pheasants and partridges;11;BL3;Francolinus hartlaubi;Hartlaub's Francolin;30;0;0;0;0;0;0;0;0;70;PlantSeed;Ref_2;A;Jennifer;0;0;100;0;0;0;0;0;Ref_2;1;Jessica;0;241.45;Dunning08;1;;
269;Nonpasseriformes;Galliformes;Phasianidae;Grouse  pheasants and partridges;11;BL3;Francolinus bicalcaratus;Double-spurred Francolin;10;0;0;0;0;0;30;0;20;40;PlantSeed;Ref_2;A;Jennifer;0;0;80;20;0;0;0;0;Ref_2;1;Jessica;0;439.5;Dunning08;1;;
270;Nonpasseriformes;Galliformes;Phasianidae;Grouse  pheasants and partridges;11;BL3;Francolinus clappertoni;Clapperton's Francolin;40;0;0;0;0;0;30;0;30;0;Omnivore;Ref_2;A;Jennifer;0;0;100;0;0;0;0;0;Ref_2;1;Jessica;0;469.61;Dunning08;1;;
271;Nonpasseriformes;Galliformes;Phasianidae;Grouse  pheasants and partridges;11;BL3;Francolinus icterorhynchus;Heuglin's Francolin;40;0;0;0;0;0;30;0;30;0;Omnivore;Ref_2;A;Jennifer;0;0;100;0;0;0;0;0;Ref_2;1;Jessica;0;571;Dunning08;1;;
272;Nonpasseriformes;Galliformes;Phasianidae;Grouse  pheasants and partridges;11;BL3;Francolinus harwoodi;Harwood's Francolin;20;0;0;0;0;0;20;0;30;30;PlantSeed;Ref_2;A;Jennifer;0;0;100;0;0;0;0;0;Ref_2;1;Jessica;0;493.02;Dunning08;1;;
273;Nonpasseriformes;Galliformes;Phasianidae;Grouse  pheasants and partridges;11;BL3;Francolinus adspersus;Red-billed Francolin;40;0;0;0;0;0;20;0;10;30;Omnivore;Ref_2;A;Jennifer;0;0;100;0;0;0;0;0;Ref_2;1;Jessica;0;428.03;Dunning08;1;;
274;Nonpasseriformes;Galliformes;Phasianidae;Grouse  pheasants and partridges;11;BL3;Francolinus capensis;Cape Francolin;30;0;0;0;0;0;20;0;20;30;Omnivore;Ref_2;A;Jennifer;0;0;100;0;0;0;0;0;Ref_2;1;Jessica;0;629.84;Dunning08;1;;
275;Nonpasseriformes;Galliformes;Phasianidae;Grouse  pheasants and partridges;11;BL3;Francolinus hildebrandti;Hildebrandt's Francolin;10;0;0;0;0;0;0;0;30;60;PlantSeed;Ref_2;A;Jennifer;0;0;100;0;0;0;0;0;Ref_2;1;Jessica;0;531.98;Dunning08;1;;
276;Nonpasseriformes;Galliformes;Phasianidae;Grouse  pheasants and partridges;11;BL3;Francolinus natalensis;Natal Francolin;30;0;0;0;0;0;0;0;0;70;PlantSeed;Ref_2;A;Jennifer;0;0;100;0;0;0;0;0;Ref_2;1;Jessica;0;508.09;Dunning08;1;;
277;Nonpasseriformes;Galliformes;Phasianidae;Grouse  pheasants and partridges;11;BL3;Francolinus ahantensis;Ahanta Francolin;30;0;0;0;0;0;0;0;0;70;PlantSeed;Ref_2;A;Jennifer;0;0;100;0;0;0;0;0;Ref_2;1;Jessica;0;544.14;Dunning08;1;;
278;Nonpasseriformes;Galliformes;Phasianidae;Grouse  pheasants and partridges;11;BL3;Francolinus squamatus;Scaly Francolin;30;0;0;0;0;0;0;0;0;70;PlantSeed;Ref_2;A;Jennifer;0;0;100;0;0;0;0;0;Ref_2;1;Jessica;0;449.45;Dunning08;1;;
279;Nonpasseriformes;Galliformes;Phasianidae;Grouse  pheasants and partridges;11;BL3;Francolinus griseostriatus;Grey-striped Francolin;40;0;0;0;0;0;0;0;30;30;PlantSeed;Ref_2;B;Jennifer;0;0;100;0;0;0;0;0;Ref_2;1;Jessica;0;288.49;Dunning08;1;;
280;Nonpasseriformes;Galliformes;Phasianidae;Grouse  pheasants and partridges;11;BL3;Francolinus leucoscepus;Yellow-necked Spurfowl;20;0;0;0;0;0;10;0;20;50;PlantSeed;Ref_2;A;Jennifer;0;0;100;0;0;0;0;0;Ref_2;1;Jessica;0;640.61;Dunning08;1;;
281;Nonpasseriformes;Galliformes;Phasianidae;Grouse  pheasants and partridges;11;BL3;Francolinus rufopictus;Grey-breasted Spurfowl;20;0;0;0;0;0;0;0;20;60;PlantSeed;Ref_2;A;Jennifer;0;0;100;0;0;0;0;0;Ref_2;1;Jessica;0;706.13;Dunning08;1;;
282;Nonpasseriformes;Galliformes;Phasianidae;Grouse  pheasants and partridges;11;BL3;Francolinus afer;Red-necked Spurfowl;10;0;0;0;0;0;20;0;0;70;PlantSeed;Ref_2;A;Jennifer;0;0;100;0;0;0;0;0;Ref_2;1;Jessica;0;454.81;Dunning08;1;;
286;Nonpasseriformes;Galliformes;Phasianidae;Grouse  pheasants and partridges;11;BL3;Francolinus swainsonii;Swainson's Spurfowl;20;0;0;0;0;0;0;0;40;40;PlantSeed;Ref_2;A;Jennifer;0;0;100;0;0;0;0;0;Ref_2;1;Jessica;0;597.1;Dunning08;1;;
287;Nonpasseriformes;Galliformes;Phasianidae;Grouse  pheasants and partridges;11;BL3;Francolinus erckelii;Erckel's Francolin;30;0;0;0;0;0;0;0;0;70;PlantSeed;Ref_2;A;Jennifer;0;0;60;40;0;0;0;0;Ref_2;1;Jessica;0;1197.81;Dunning08;1;;
288;Nonpasseriformes;Galliformes;Phasianidae;Grouse  pheasants and partridges;11;BL3;Francolinus ochropectus;Djibouti Francolin;30;0;0;0;0;0;40;0;30;0;Omnivore;Ref_2;A;Jennifer;0;0;100;0;0;0;0;0;Ref_2;1;Jessica;0;699.6;Dunning08;1;;
289;Nonpasseriformes;Galliformes;Phasianidae;Grouse  pheasants and partridges;11;BL3;Francolinus castaneicollis;Chestnut-naped Francolin;50;0;0;0;0;0;0;0;50;0;Omnivore;Ref_2;A;Jennifer;0;0;70;30;0;0;0;0;Ref_2;1;Jessica;0;791.53;Dunning08;1;;
290;Nonpasseriformes;Galliformes;Phasianidae;Grouse  pheasants and partridges;11;BL3;Francolinus nobilis;Handsome Francolin;0;0;0;0;0;0;0;0;100;0;PlantSeed;Ref_2;A;Jennifer;0;0;100;0;0;0;0;0;Ref_2;1;Jessica;0;878;Dunning08;1;;
291;Nonpasseriformes;Galliformes;Phasianidae;Grouse  pheasants and partridges;11;BL3;Francolinus jacksoni;Jackson's Francolin;30;0;0;0;0;0;0;0;30;40;PlantSeed;Ref_2;A;Jennifer;0;0;100;0;0;0;0;0;Ref_2;1;Jessica;0;1097;Dunning08;1;;
292;Nonpasseriformes;Galliformes;Phasianidae;Grouse  pheasants and partridges;11;BL3;Francolinus camerunensis;Mount Cameroon Francolin;30;0;0;0;0;0;40;0;30;0;Omnivore;Ref_2;A;Jennifer;0;0;100;0;0;0;0;0;Ref_2;1;Jessica;0;549.39;Dunning08;1;;
293;Nonpasseriformes;Galliformes;Phasianidae;Grouse  pheasants and partridges;11;BL3;Francolinus swierstrai;Swierstra's Francolin;30;0;0;0;0;0;0;0;30;40;PlantSeed;Ref_2;A;Jennifer;0;0;100;0;0;0;0;0;Ref_2;1;Jessica;0;460.29;Dunning08;1;;
294;Nonpasseriformes;Galliformes;Phasianidae;Grouse  pheasants and partridges;11;BL3;Perdix perdix;Grey Partridge;30;0;0;0;0;0;0;0;30;40;PlantSeed;Ref_2;A;Jennifer;0;0;100;0;0;0;0;0;Ref_2;1;Jessica;0;405.3;Dunning08;1;;
295;Nonpasseriformes;Galliformes;Phasianidae;Grouse  pheasants and partridges;11;BL3;Perdix dauurica;Daurian Partridge;20;0;0;0;0;0;40;0;40;0;Omnivore;Ref_2;A;Jennifer;0;0;100;0;0;0;0;0;Ref_2;1;Jessica;0;263.41;Dunning08;1;;
296;Nonpasseriformes;Galliformes;Phasianidae;Grouse  pheasants and partridges;11;BL3;Perdix hodgsoniae;Tibetan Partridge;50;0;0;0;0;0;0;0;50;0;Omnivore;Ref_2;B;Jennifer;0;0;100;0;0;0;0;0;Ref_2;1;Jessica;0;363.73;Dunning08;1;;
297;Nonpasseriformes;Galliformes;Phasianidae;Grouse  pheasants and partridges;11;BL3;Rhizothera longirostris;Long-billed Partridge;20;0;0;0;0;0;30;0;20;30;Omnivore;Ref_2;A;Jennifer;0;0;100;0;0;0;0;0;Ref_2;1;Jessica;0;746.72;Dunning08;1;;
298;Nonpasseriformes;Galliformes;Phasianidae;Grouse  pheasants and partridges;11;BL3;Margaroperdix madagascariensis;Madagascar Partridge;30;0;0;0;0;0;0;0;0;70;PlantSeed;Ref_2;B;Jennifer;0;0;100;0;0;0;0;0;Ref_2;1;Jessica;0;245;Dunning08;1;;
299;Nonpasseriformes;Galliformes;Phasianidae;Grouse  pheasants and partridges;11;BL3;Melanoperdix niger;Black Partridge;20;0;0;0;0;0;20;0;20;40;PlantSeed;Ref_2;D2;Jennifer;0;0;100;0;0;0;0;0;Genus;0;Walter;0;280;Dunning08;1;;
300;Nonpasseriformes;Galliformes;Phasianidae;Grouse  pheasants and partridges;11;BL3;Coturnix coturnix;Common Quail;20;0;0;0;0;0;0;0;80;0;PlantSeed;Ref_2;A;Jennifer;0;0;100;0;0;0;0;0;Ref_2;1;Jessica;0;96.28;Dunning08;1;;
303;Nonpasseriformes;Galliformes;Phasianidae;Grouse  pheasants and partridges;11;BL3;Coturnix japonica;Japanese Quail;30;0;0;0;0;0;0;0;0;70;PlantSeed;Ref_2;A;Jennifer;0;0;100;0;0;0;0;0;Ref_2;1;Jessica;0;94.78;Dunning08;1;;
304;Nonpasseriformes;Galliformes;Phasianidae;Grouse  pheasants and partridges;11;BL3;Coturnix pectoralis;Stubble Quail;10;0;0;0;0;0;0;0;60;30;PlantSeed;Ref_2;A;Jennifer;0;0;80;20;0;0;0;0;Ref_2;1;Jessica;0;101.86;Dunning08;1;;
306;Nonpasseriformes;Galliformes;Phasianidae;Grouse  pheasants and partridges;11;BL3;Coturnix coromandelica;Rain Quail;30;0;0;0;0;0;0;0;70;0;PlantSeed;Ref_2;A;Jennifer;0;0;100;0;0;0;0;0;Ref_2;1;Jessica;0;73.75;Dunning08;1;;
307;Nonpasseriformes;Galliformes;Phasianidae;Grouse  pheasants and partridges;11;BL3;Coturnix delegorguei;Harlequin Quail;30;0;0;0;0;0;0;0;50;20;PlantSeed;Ref_2;A;Jennifer;0;0;100;0;0;0;0;0;Ref_2;1;Jessica;0;76;Dunning08;1;;
308;Nonpasseriformes;Galliformes;Phasianidae;Grouse  pheasants and partridges;11;BL3;Coturnix ypsilophora;Brown Quail;30;0;0;0;0;0;0;0;0;70;PlantSeed;Ref_2;A;Jennifer;0;0;100;0;0;0;0;0;Ref_2;1;Jessica;0;107.69;Dunning08;1;;
313;Nonpasseriformes;Galliformes;Phasianidae;Grouse  pheasants and partridges;11;BL3;Coturnix chinensis;Blue Quail;30;0;0;0;0;0;0;0;40;30;PlantSeed;Ref_2;A;Jennifer;0;0;100;0;0;0;0;0;Ref_2;1;Jessica;0;40.41;Dunning08;1;;
314;Nonpasseriformes;Galliformes;Phasianidae;Grouse  pheasants and partridges;11;BL3;Anurophasis monorthonyx;Snow Mountain Quail;20;0;0;0;0;0;0;0;30;50;PlantSeed;Ref_2;A;Jennifer;0;0;80;20;0;0;0;0;Ref_2;1;Jessica;0;401;Dunning08;1;;
315;Nonpasseriformes;Galliformes;Phasianidae;Grouse  pheasants and partridges;11;BL3;Perdicula asiatica;Jungle Bush-quail;20;0;0;0;0;0;0;0;80;0;PlantSeed;Ref_2;B;Jennifer;0;0;100;0;0;0;0;0;Genus;0;Walter;0;68.36;Dunning08;1;;
316;Nonpasseriformes;Galliformes;Phasianidae;Grouse  pheasants and partridges;11;BL3;Perdicula argoondah;Rock Bush-quail;30;0;0;0;0;0;0;0;50;20;PlantSeed;Ref_2;D1;Jennifer;0;0;100;0;0;0;0;0;Genus;0;Walter;0;60.48;Dunning08;1;;
317;Nonpasseriformes;Galliformes;Phasianidae;Grouse  pheasants and partridges;11;BL3;Perdicula erythrorhyncha;Painted Bush-quail;30;0;0;0;0;0;0;0;40;30;PlantSeed;Ref_2;A;Jennifer;0;0;100;0;0;0;0;0;Ref_2;1;Jessica;0;67.55;Dunning08;1;;
318;Nonpasseriformes;Galliformes;Phasianidae;Grouse  pheasants and partridges;11;BL3;Perdicula manipurensis;Manipur Bush-quail;30;0;0;0;0;0;0;0;40;30;PlantSeed;Ref_2;A;Jennifer;0;0;100;0;0;0;0;0;Ref_2;1;Jessica;0;70.65;Dunning08;1;;
319;Nonpasseriformes;Galliformes;Phasianidae;Grouse  pheasants and partridges;11;BL3;Xenoperdix udzungwensis;Udzungwa Forest-partridge;80;0;0;0;0;0;0;0;20;0;Invertebrate;Ref_2;A;Jennifer;0;0;80;20;0;0;0;0;Ref_2;1;Jessica;0;224.94;Dunning08;1;;
320;Nonpasseriformes;Galliformes;Phasianidae;Grouse  pheasants and partridges;11;BL3;Arborophila torqueola;Hill Partridge;20;0;0;0;0;0;20;0;30;30;PlantSeed;Ref_2;A;Jennifer;0;0;100;0;0;0;0;0;Ref_2;1;Jessica;0;344.46;Dunning08;1;;
321;Nonpasseriformes;Galliformes;Phasianidae;Grouse  pheasants and partridges;11;BL3;Arborophila rufogularis;Rufous-throated Partridge;20;0;0;0;0;0;30;0;30;20;Omnivore;Ref_2;A;Jennifer;0;0;100;0;0;0;0;0;Ref_2;1;Jessica;0;344.46;Dunning08;1;;
322;Nonpasseriformes;Galliformes;Phasianidae;Grouse  pheasants and partridges;11;BL3;Arborophila atrogularis;White-cheeked Partridge;20;0;0;0;0;0;30;0;30;20;Omnivore;Ref_2;A;Jennifer;0;0;100;0;0;0;0;0;Ref_2;1;Jessica;0;237.31;Dunning08;1;;
323;Nonpasseriformes;Galliformes;Phasianidae;Grouse  pheasants and partridges;11;BL3;Arborophila crudigularis;Taiwan Partridge;20;0;0;0;0;0;20;0;30;30;PlantSeed;Ref_2;A;Jennifer;0;0;100;0;0;0;0;0;Ref_2;1;Jessica;0;256.77;Dunning08;1;;
324;Nonpasseriformes;Galliformes;Phasianidae;Grouse  pheasants and partridges;11;BL3;Arborophila mandellii;Chestnut-breasted Partridge;30;0;0;0;0;0;30;0;30;10;Omnivore;Ref_2;D1;Jennifer;0;0;100;0;0;0;0;0;Genus;0;Walter;0;268;Dunning08;1;;
326;Nonpasseriformes;Galliformes;Phasianidae;Grouse  pheasants and partridges;11;BL3;Arborophila brunneopectus;Bar-backed Partridge;30;0;0;0;0;0;30;0;30;10;Omnivore;Ref_2;D1;Jennifer;0;0;100;0;0;0;0;0;Genus;0;Walter;0;291.47;Dunning08;1;;
327;Nonpasseriformes;Galliformes;Phasianidae;Grouse  pheasants and partridges;11;BL3;Arborophila rufipectus;Sichuan Partridge;70;0;0;0;0;0;0;0;30;0;Invertebrate;Ref_2;A;Jennifer;0;0;100;0;0;0;0;0;Ref_2;1;Jessica;0;400.11;Dunning08;1;;
328;Nonpasseriformes;Galliformes;Phasianidae;Grouse  pheasants and partridges;11;BL3;Arborophila orientalis;White-faced Partridge;30;0;0;0;0;0;30;0;0;40;Omnivore;Ref_2;A;Jennifer;0;0;100;0;0;0;0;0;Ref_2;1;Jessica;0;336;Dunning08;1;;
329;Nonpasseriformes;Galliformes;Phasianidae;Grouse  pheasants and partridges;11;BL3;Arborophila javanica;Chestnut-bellied Partridge;30;0;0;0;0;0;30;0;30;10;Omnivore;Ref_2;D1;Jennifer;0;0;100;0;0;0;0;0;Genus;0;Walter;0;272;Dunning08;1;;
330;Nonpasseriformes;Galliformes;Phasianidae;Grouse  pheasants and partridges;11;BL3;Arborophila hyperythra;Red-breasted Partridge;30;0;0;0;0;0;40;0;30;0;Omnivore;Ref_2;A;Jennifer;0;0;100;0;0;0;0;0;Ref_2;1;Jessica;0;270;Dunning08;1;;
331;Nonpasseriformes;Galliformes;Phasianidae;Grouse  pheasants and partridges;11;BL3;Arborophila gingica;White-necklaced Partridge;30;0;0;0;0;0;30;0;40;0;Omnivore;Ref_2;A;Jennifer;0;0;100;0;0;0;0;0;Ref_2;1;Jessica;0;253;Dunning08;1;;
332;Nonpasseriformes;Galliformes;Phasianidae;Grouse  pheasants and partridges;11;BL3;Arborophila davidi;Orange-necked Partridge;30;0;0;0;0;0;30;0;30;10;Omnivore;Ref_2;D1;Jennifer;0;0;100;0;0;0;0;0;Genus;0;Walter;0;241;Dunning08;1;;
333;Nonpasseriformes;Galliformes;Phasianidae;Grouse  pheasants and partridges;11;BL3;Arborophila cambodiana;Chestnut-headed Partridge;30;0;0;0;0;0;30;0;30;10;Omnivore;Ref_2;D1;Jennifer;0;0;100;0;0;0;0;0;Genus;0;Walter;0;285.87;Dunning08;1;;
336;Nonpasseriformes;Galliformes;Phasianidae;Grouse  pheasants and partridges;11;BL3;Arborophila rubrirostris;Red-billed Partridge;30;0;0;0;0;0;30;0;30;10;Omnivore;Ref_2;D1;Jennifer;0;0;100;0;0;0;0;0;Genus;0;Walter;0;225.35;Dunning08;1;;
