"","Species","date","day","month","year","data","location","period","feces_ID","component_name","component_mean"
"1","Giraffe","jeudi 30 juin 2005",30,6,2005,"DDE1","SA","dry",1,"C",450
"2","Giraffe","jeudi 30 juin 2005",30,6,2005,"DDE1","SA","dry",1,"N",22.2
"3","Giraffe","jeudi 30 juin 2005",30,6,2005,"DDE1","SA","dry",2,"C",436
"4","Giraffe","jeudi 30 juin 2005",30,6,2005,"DDE1","SA","dry",2,"N",22.8
"5","Giraffe","jeudi 30 juin 2005",30,6,2005,"DDE1","SA","dry",3,"C",451
"6","Giraffe","jeudi 30 juin 2005",30,6,2005,"DDE1","SA","dry",3,"N",21.6
"7","Giraffe","jeudi 30 juin 2005",30,6,2005,"DDE1","SA","dry",4,"C",451
"8","Giraffe","jeudi 30 juin 2005",30,6,2005,"DDE1","SA","dry",4,"N",21.3
"9","Giraffe","jeudi 30 juin 2005",30,6,2005,"DDE1","SA","dry",5,"C",452
"10","Giraffe","jeudi 30 juin 2005",30,6,2005,"DDE1","SA","dry",5,"N",21.7
"11","Wildebeest","jeudi 30 juin 2005",30,6,2005,"DDE1","SA","dry",6,"C",362
"12","Wildebeest","jeudi 30 juin 2005",30,6,2005,"DDE1","SA","dry",6,"N",11.7
"13","Wildebeest","jeudi 30 juin 2005",30,6,2005,"DDE1","SA","dry",7,"C",360
"14","Wildebeest","jeudi 30 juin 2005",30,6,2005,"DDE1","SA","dry",7,"N",11.6
"15","Wildebeest","jeudi 30 juin 2005",30,6,2005,"DDE1","SA","dry",8,"C",362
"16","Wildebeest","jeudi 30 juin 2005",30,6,2005,"DDE1","SA","dry",8,"N",10.8
"17","Wildebeest","jeudi 30 juin 2005",30,6,2005,"DDE1","SA","dry",9,"C",361
"18","Wildebeest","jeudi 30 juin 2005",30,6,2005,"DDE1","SA","dry",9,"N",11.1
"19","Wildebeest","jeudi 30 juin 2005",30,6,2005,"DDE1","SA","dry",10,"C",360
"20","Wildebeest","jeudi 30 juin 2005",30,6,2005,"DDE1","SA","dry",10,"N",11.2
"21","Giraffe","samedi 31 décembre 2005",31,12,2005,"DDE2","SA","wet",11,"C",449.2
"22","Giraffe","samedi 31 décembre 2005",31,12,2005,"DDE2","SA","wet",11,"N",40.47
"23","Giraffe","samedi 31 décembre 2005",31,12,2005,"DDE2","SA","wet",11,"P",4.26
"24","Giraffe","samedi 31 décembre 2005",31,12,2005,"DDE2","SA","wet",12,"C",452.4
"25","Giraffe","samedi 31 décembre 2005",31,12,2005,"DDE2","SA","wet",12,"N",34.77
"26","Giraffe","samedi 31 décembre 2005",31,12,2005,"DDE2","SA","wet",12,"P",3.62
"27","Giraffe","samedi 31 décembre 2005",31,12,2005,"DDE2","SA","wet",13,"C",461.9
"28","Giraffe","samedi 31 décembre 2005",31,12,2005,"DDE2","SA","wet",13,"N",30.82
"29","Giraffe","samedi 31 décembre 2005",31,12,2005,"DDE2","SA","wet",13,"P",3.57
"30","Giraffe","samedi 31 décembre 2005",31,12,2005,"DDE2","SA","wet",14,"C",452.9
"31","Giraffe","samedi 31 décembre 2005",31,12,2005,"DDE2","SA","wet",14,"N",31.59
"32","Giraffe","samedi 31 décembre 2005",31,12,2005,"DDE2","SA","wet",14,"P",3.51
"33","Giraffe","samedi 31 décembre 2005",31,12,2005,"DDE2","SA","wet",15,"C",461.1
"34","Giraffe","samedi 31 décembre 2005",31,12,2005,"DDE2","SA","wet",15,"N",38.33
"35","Giraffe","samedi 31 décembre 2005",31,12,2005,"DDE2","SA","wet",15,"P",4.26
"36","Giraffe","samedi 31 décembre 2005",31,12,2005,"DDE2","SA","wet",16,"C",449.4
"37","Giraffe","samedi 31 décembre 2005",31,12,2005,"DDE2","SA","wet",16,"N",41.75
"38","Giraffe","samedi 31 décembre 2005",31,12,2005,"DDE2","SA","wet",16,"P",3.99
"39","Giraffe","samedi 31 décembre 2005",31,12,2005,"DDE2","SA","wet",17,"C",452.9
"40","Giraffe","samedi 31 décembre 2005",31,12,2005,"DDE2","SA","wet",17,"N",29.49
"41","Giraffe","samedi 31 décembre 2005",31,12,2005,"DDE2","SA","wet",17,"P",2.92
"42","Giraffe","samedi 31 décembre 2005",31,12,2005,"DDE2","SA","wet",18,"C",451.3
"43","Giraffe","samedi 31 décembre 2005",31,12,2005,"DDE2","SA","wet",18,"N",21.57
"44","Giraffe","samedi 31 décembre 2005",31,12,2005,"DDE2","SA","wet",18,"P",2.18
"45","Giraffe","samedi 31 décembre 2005",31,12,2005,"DDE2","SA","wet",19,"C",451.7
"46","Giraffe","samedi 31 décembre 2005",31,12,2005,"DDE2","SA","wet",19,"N",36.55
"47","Giraffe","samedi 31 décembre 2005",31,12,2005,"DDE2","SA","wet",19,"P",3.59
"48","Giraffe","samedi 31 décembre 2005",31,12,2005,"DDE2","SA","wet",20,"C",454.4
"49","Giraffe","samedi 31 décembre 2005",31,12,2005,"DDE2","SA","wet",20,"N",42.08
"50","Giraffe","samedi 31 décembre 2005",31,12,2005,"DDE2","SA","wet",20,"P",3.94
"51","Reedbuck","samedi 31 décembre 2005",31,12,2005,"DDE2","SA","wet",21,"C",382.4
"52","Reedbuck","samedi 31 décembre 2005",31,12,2005,"DDE2","SA","wet",21,"N",20.15
"53","Reedbuck","samedi 31 décembre 2005",31,12,2005,"DDE2","SA","wet",21,"P",4.98
"54","Reedbuck","samedi 31 décembre 2005",31,12,2005,"DDE2","SA","wet",22,"C",380.3
"55","Reedbuck","samedi 31 décembre 2005",31,12,2005,"DDE2","SA","wet",22,"N",19.73
"56","Reedbuck","samedi 31 décembre 2005",31,12,2005,"DDE2","SA","wet",22,"P",4.24
"57","Reedbuck","samedi 31 décembre 2005",31,12,2005,"DDE2","SA","wet",23,"C",374.6
"58","Reedbuck","samedi 31 décembre 2005",31,12,2005,"DDE2","SA","wet",23,"N",18.82
"59","Reedbuck","samedi 31 décembre 2005",31,12,2005,"DDE2","SA","wet",23,"P",4.19
"60","Reedbuck","samedi 31 décembre 2005",31,12,2005,"DDE2","SA","wet",24,"C",395.6
"61","Reedbuck","samedi 31 décembre 2005",31,12,2005,"DDE2","SA","wet",24,"N",19.73
"62","Reedbuck","samedi 31 décembre 2005",31,12,2005,"DDE2","SA","wet",24,"P",4.07
"63","Reedbuck","samedi 31 décembre 2005",31,12,2005,"DDE2","SA","wet",25,"C",385.3
"64","Reedbuck","samedi 31 décembre 2005",31,12,2005,"DDE2","SA","wet",25,"N",18.22
"65","Reedbuck","samedi 31 décembre 2005",31,12,2005,"DDE2","SA","wet",25,"P",4.26
"66","Reedbuck","samedi 31 décembre 2005",31,12,2005,"DDE2","SA","wet",26,"C",377.6
"67","Reedbuck","samedi 31 décembre 2005",31,12,2005,"DDE2","SA","wet",26,"N",18.18
"68","Reedbuck","samedi 31 décembre 2005",31,12,2005,"DDE2","SA","wet",26,"P",3.89
"69","Reedbuck","samedi 31 décembre 2005",31,12,2005,"DDE2","SA","wet",27,"C",376.5
"70","Reedbuck","samedi 31 décembre 2005",31,12,2005,"DDE2","SA","wet",27,"N",18.43
"71","Reedbuck","samedi 31 décembre 2005",31,12,2005,"DDE2","SA","wet",27,"P",4.24
"72","Reedbuck","samedi 31 décembre 2005",31,12,2005,"DDE2","SA","wet",28,"C",378.3
"73","Reedbuck","samedi 31 décembre 2005",31,12,2005,"DDE2","SA","wet",28,"N",18.94
"74","Reedbuck","samedi 31 décembre 2005",31,12,2005,"DDE2","SA","wet",28,"P",4.26
"75","Reedbuck","samedi 31 décembre 2005",31,12,2005,"DDE2","SA","wet",29,"C",376.8
"76","Reedbuck","samedi 31 décembre 2005",31,12,2005,"DDE2","SA","wet",29,"N",18.47
"77","Reedbuck","samedi 31 décembre 2005",31,12,2005,"DDE2","SA","wet",29,"P",3.99
"78","Reedbuck","samedi 31 décembre 2005",31,12,2005,"DDE2","SA","wet",30,"C",390.7
"79","Reedbuck","samedi 31 décembre 2005",31,12,2005,"DDE2","SA","wet",30,"N",18.86
"80","Reedbuck","samedi 31 décembre 2005",31,12,2005,"DDE2","SA","wet",30,"P",4.07
"81","Waterbuck","samedi 31 décembre 2005",31,12,2005,"DDE2","SA","wet",31,"C",362.3
"82","Waterbuck","samedi 31 décembre 2005",31,12,2005,"DDE2","SA","wet",31,"N",20.75
"83","Waterbuck","samedi 31 décembre 2005",31,12,2005,"DDE2","SA","wet",31,"P",2.78
"84","Waterbuck","samedi 31 décembre 2005",31,12,2005,"DDE2","SA","wet",32,"C",377.2
"85","Waterbuck","samedi 31 décembre 2005",31,12,2005,"DDE2","SA","wet",32,"N",16.71
"86","Waterbuck","samedi 31 décembre 2005",31,12,2005,"DDE2","SA","wet",32,"P",3
"87","Waterbuck","samedi 31 décembre 2005",31,12,2005,"DDE2","SA","wet",33,"C",384.3
"88","Waterbuck","samedi 31 décembre 2005",31,12,2005,"DDE2","SA","wet",33,"N",16.91
"89","Waterbuck","samedi 31 décembre 2005",31,12,2005,"DDE2","SA","wet",33,"P",2.61
"90","Waterbuck","samedi 31 décembre 2005",31,12,2005,"DDE2","SA","wet",34,"C",379.6
"91","Waterbuck","samedi 31 décembre 2005",31,12,2005,"DDE2","SA","wet",34,"N",17.1
"92","Waterbuck","samedi 31 décembre 2005",31,12,2005,"DDE2","SA","wet",34,"P",2.74
"93","Waterbuck","samedi 31 décembre 2005",31,12,2005,"DDE2","SA","wet",35,"C",373.9
"94","Waterbuck","samedi 31 décembre 2005",31,12,2005,"DDE2","SA","wet",35,"N",15.74
"95","Waterbuck","samedi 31 décembre 2005",31,12,2005,"DDE2","SA","wet",35,"P",2.98
"96","Waterbuck","samedi 31 décembre 2005",31,12,2005,"DDE2","SA","wet",36,"C",378.8
"97","Waterbuck","samedi 31 décembre 2005",31,12,2005,"DDE2","SA","wet",36,"N",8.58
"98","Waterbuck","samedi 31 décembre 2005",31,12,2005,"DDE2","SA","wet",36,"P",2.09
"99","Waterbuck","samedi 31 décembre 2005",31,12,2005,"DDE2","SA","wet",37,"C",384.3
"100","Waterbuck","samedi 31 décembre 2005",31,12,2005,"DDE2","SA","wet",37,"N",16.35
"101","Waterbuck","samedi 31 décembre 2005",31,12,2005,"DDE2","SA","wet",37,"P",3.34
"102","Waterbuck","samedi 31 décembre 2005",31,12,2005,"DDE2","SA","wet",38,"C",380.7
"103","Waterbuck","samedi 31 décembre 2005",31,12,2005,"DDE2","SA","wet",38,"N",15.93
"104","Waterbuck","samedi 31 décembre 2005",31,12,2005,"DDE2","SA","wet",38,"P",3.78
"105","Waterbuck","samedi 31 décembre 2005",31,12,2005,"DDE2","SA","wet",39,"C",379.9
"106","Waterbuck","samedi 31 décembre 2005",31,12,2005,"DDE2","SA","wet",39,"N",15.23
"107","Waterbuck","samedi 31 décembre 2005",31,12,2005,"DDE2","SA","wet",39,"P",3.62
"108","Waterbuck","samedi 31 décembre 2005",31,12,2005,"DDE2","SA","wet",40,"C",378.2
"109","Waterbuck","samedi 31 décembre 2005",31,12,2005,"DDE2","SA","wet",40,"N",16.39
"110","Waterbuck","samedi 31 décembre 2005",31,12,2005,"DDE2","SA","wet",40,"P",3.66
"111","Wildebeest","samedi 31 décembre 2005",31,12,2005,"DDE2","SA","wet",41,"C",323.9
"112","Wildebeest","samedi 31 décembre 2005",31,12,2005,"DDE2","SA","wet",41,"N",15.83
"113","Wildebeest","samedi 31 décembre 2005",31,12,2005,"DDE2","SA","wet",41,"P",2.81
"114","Wildebeest","samedi 31 décembre 2005",31,12,2005,"DDE2","SA","wet",42,"C",346.7
"115","Wildebeest","samedi 31 décembre 2005",31,12,2005,"DDE2","SA","wet",42,"N",14.86
"116","Wildebeest","samedi 31 décembre 2005",31,12,2005,"DDE2","SA","wet",42,"P",2.45
"117","Wildebeest","samedi 31 décembre 2005",31,12,2005,"DDE2","SA","wet",43,"C",339.4
"118","Wildebeest","samedi 31 décembre 2005",31,12,2005,"DDE2","SA","wet",43,"N",15.02
"119","Wildebeest","samedi 31 décembre 2005",31,12,2005,"DDE2","SA","wet",43,"P",2.17
"120","Wildebeest","samedi 31 décembre 2005",31,12,2005,"DDE2","SA","wet",44,"C",344.3
"121","Wildebeest","samedi 31 décembre 2005",31,12,2005,"DDE2","SA","wet",44,"N",14.31
"122","Wildebeest","samedi 31 décembre 2005",31,12,2005,"DDE2","SA","wet",44,"P",2.28
"123","Wildebeest","samedi 31 décembre 2005",31,12,2005,"DDE2","SA","wet",45,"C",332.4
"124","Wildebeest","samedi 31 décembre 2005",31,12,2005,"DDE2","SA","wet",45,"N",16.34
"125","Wildebeest","samedi 31 décembre 2005",31,12,2005,"DDE2","SA","wet",45,"P",3.45
"126","Wildebeest","samedi 31 décembre 2005",31,12,2005,"DDE2","SA","wet",46,"C",338.5
"127","Wildebeest","samedi 31 décembre 2005",31,12,2005,"DDE2","SA","wet",46,"N",15.93
"128","Wildebeest","samedi 31 décembre 2005",31,12,2005,"DDE2","SA","wet",46,"P",2.35
"129","Wildebeest","samedi 31 décembre 2005",31,12,2005,"DDE2","SA","wet",47,"C",339.5
"130","Wildebeest","samedi 31 décembre 2005",31,12,2005,"DDE2","SA","wet",47,"N",16.75
"131","Wildebeest","samedi 31 décembre 2005",31,12,2005,"DDE2","SA","wet",47,"P",2.29
"132","Wildebeest","samedi 31 décembre 2005",31,12,2005,"DDE2","SA","wet",48,"C",341.9
"133","Wildebeest","samedi 31 décembre 2005",31,12,2005,"DDE2","SA","wet",48,"N",19.09
"134","Wildebeest","samedi 31 décembre 2005",31,12,2005,"DDE2","SA","wet",48,"P",2.39
"135","Wildebeest","samedi 31 décembre 2005",31,12,2005,"DDE2","SA","wet",49,"C",337.8
"136","Wildebeest","samedi 31 décembre 2005",31,12,2005,"DDE2","SA","wet",49,"N",15.94
"137","Wildebeest","samedi 31 décembre 2005",31,12,2005,"DDE2","SA","wet",49,"P",2.26
"138","Wildebeest","samedi 31 décembre 2005",31,12,2005,"DDE2","SA","wet",50,"C",341.9
"139","Wildebeest","samedi 31 décembre 2005",31,12,2005,"DDE2","SA","wet",50,"N",17.56
"140","Wildebeest","samedi 31 décembre 2005",31,12,2005,"DDE2","SA","wet",50,"P",2.54
"141","Giraffe","mardi 31 janvier 2006",31,1,2006,"DBP1","SA","dry",51,"C",449.2
"142","Giraffe","mardi 31 janvier 2006",31,1,2006,"DBP1","SA","dry",51,"N",40.47
"143","Giraffe","mardi 31 janvier 2006",31,1,2006,"DBP1","SA","dry",51,"P",4.26
"144","Giraffe","mardi 31 janvier 2006",31,1,2006,"DBP1","SA","dry",52,"C",449.4
"145","Giraffe","mardi 31 janvier 2006",31,1,2006,"DBP1","SA","dry",52,"N",41.75
"146","Giraffe","mardi 31 janvier 2006",31,1,2006,"DBP1","SA","dry",52,"P",3.99
"147","Giraffe","mardi 31 janvier 2006",31,1,2006,"DBP1","SA","dry",53,"C",452.9
"148","Giraffe","mardi 31 janvier 2006",31,1,2006,"DBP1","SA","dry",53,"N",29.49
"149","Giraffe","mardi 31 janvier 2006",31,1,2006,"DBP1","SA","dry",53,"P",2.92
"150","Giraffe","mardi 31 janvier 2006",31,1,2006,"DBP1","SA","dry",54,"C",452.4
"151","Giraffe","mardi 31 janvier 2006",31,1,2006,"DBP1","SA","dry",54,"N",34.77
"152","Giraffe","mardi 31 janvier 2006",31,1,2006,"DBP1","SA","dry",54,"P",3.62
"153","Giraffe","mardi 31 janvier 2006",31,1,2006,"DBP1","SA","dry",55,"C",451.3
"154","Giraffe","mardi 31 janvier 2006",31,1,2006,"DBP1","SA","dry",55,"N",21.57
"155","Giraffe","mardi 31 janvier 2006",31,1,2006,"DBP1","SA","dry",55,"P",2.18
"156","Giraffe","mardi 31 janvier 2006",31,1,2006,"DBP1","SA","dry",56,"C",451.7
"157","Giraffe","mardi 31 janvier 2006",31,1,2006,"DBP1","SA","dry",56,"N",36.55
"158","Giraffe","mardi 31 janvier 2006",31,1,2006,"DBP1","SA","dry",56,"P",3.59
"159","Giraffe","mardi 31 janvier 2006",31,1,2006,"DBP1","SA","dry",57,"C",461.9
"160","Giraffe","mardi 31 janvier 2006",31,1,2006,"DBP1","SA","dry",57,"N",30.82
"161","Giraffe","mardi 31 janvier 2006",31,1,2006,"DBP1","SA","dry",57,"P",3.57
"162","Giraffe","mardi 31 janvier 2006",31,1,2006,"DBP1","SA","dry",58,"C",454.4
"163","Giraffe","mardi 31 janvier 2006",31,1,2006,"DBP1","SA","dry",58,"N",42.08
"164","Giraffe","mardi 31 janvier 2006",31,1,2006,"DBP1","SA","dry",58,"P",3.94
"165","Giraffe","mardi 31 janvier 2006",31,1,2006,"DBP1","SA","dry",59,"C",452.9
"166","Giraffe","mardi 31 janvier 2006",31,1,2006,"DBP1","SA","dry",59,"N",31.59
"167","Giraffe","mardi 31 janvier 2006",31,1,2006,"DBP1","SA","dry",59,"P",3.51
"168","Giraffe","mardi 31 janvier 2006",31,1,2006,"DBP1","SA","dry",60,"C",461.1
"169","Giraffe","mardi 31 janvier 2006",31,1,2006,"DBP1","SA","dry",60,"N",38.33
"170","Giraffe","mardi 31 janvier 2006",31,1,2006,"DBP1","SA","dry",60,"P",4.26
"171","Reedbuck","mardi 31 janvier 2006",31,1,2006,"DBP1","SA","dry",61,"C",382.4
"172","Reedbuck","mardi 31 janvier 2006",31,1,2006,"DBP1","SA","dry",61,"N",20.15
"173","Reedbuck","mardi 31 janvier 2006",31,1,2006,"DBP1","SA","dry",61,"P",4.98
"174","Reedbuck","mardi 31 janvier 2006",31,1,2006,"DBP1","SA","dry",62,"C",380.3
"175","Reedbuck","mardi 31 janvier 2006",31,1,2006,"DBP1","SA","dry",62,"N",19.73
"176","Reedbuck","mardi 31 janvier 2006",31,1,2006,"DBP1","SA","dry",62,"P",4.24
"177","Reedbuck","mardi 31 janvier 2006",31,1,2006,"DBP1","SA","dry",63,"C",374.6
"178","Reedbuck","mardi 31 janvier 2006",31,1,2006,"DBP1","SA","dry",63,"N",18.82
"179","Reedbuck","mardi 31 janvier 2006",31,1,2006,"DBP1","SA","dry",63,"P",4.19
"180","Reedbuck","mardi 31 janvier 2006",31,1,2006,"DBP1","SA","dry",64,"C",377.6
"181","Reedbuck","mardi 31 janvier 2006",31,1,2006,"DBP1","SA","dry",64,"N",18.18
"182","Reedbuck","mardi 31 janvier 2006",31,1,2006,"DBP1","SA","dry",64,"P",3.89
"183","Reedbuck","mardi 31 janvier 2006",31,1,2006,"DBP1","SA","dry",65,"C",376.5
"184","Reedbuck","mardi 31 janvier 2006",31,1,2006,"DBP1","SA","dry",65,"N",18.43
"185","Reedbuck","mardi 31 janvier 2006",31,1,2006,"DBP1","SA","dry",65,"P",4.24
"186","Reedbuck","mardi 31 janvier 2006",31,1,2006,"DBP1","SA","dry",66,"C",395.6
"187","Reedbuck","mardi 31 janvier 2006",31,1,2006,"DBP1","SA","dry",66,"N",19.73
"188","Reedbuck","mardi 31 janvier 2006",31,1,2006,"DBP1","SA","dry",66,"P",4.07
"189","Reedbuck","mardi 31 janvier 2006",31,1,2006,"DBP1","SA","dry",67,"C",378.3
"190","Reedbuck","mardi 31 janvier 2006",31,1,2006,"DBP1","SA","dry",67,"N",18.94
"191","Reedbuck","mardi 31 janvier 2006",31,1,2006,"DBP1","SA","dry",67,"P",4.26
"192","Reedbuck","mardi 31 janvier 2006",31,1,2006,"DBP1","SA","dry",68,"C",376.8
"193","Reedbuck","mardi 31 janvier 2006",31,1,2006,"DBP1","SA","dry",68,"N",18.47
"194","Reedbuck","mardi 31 janvier 2006",31,1,2006,"DBP1","SA","dry",68,"P",3.99
"195","Reedbuck","mardi 31 janvier 2006",31,1,2006,"DBP1","SA","dry",69,"C",385.3
"196","Reedbuck","mardi 31 janvier 2006",31,1,2006,"DBP1","SA","dry",69,"N",18.22
"197","Reedbuck","mardi 31 janvier 2006",31,1,2006,"DBP1","SA","dry",69,"P",4.26
"198","Reedbuck","mardi 31 janvier 2006",31,1,2006,"DBP1","SA","dry",70,"C",390.7
"199","Reedbuck","mardi 31 janvier 2006",31,1,2006,"DBP1","SA","dry",70,"N",18.86
"200","Reedbuck","mardi 31 janvier 2006",31,1,2006,"DBP1","SA","dry",70,"P",4.07
"201","Waterbuck","mardi 31 janvier 2006",31,1,2006,"DBP1","SA","dry",71,"C",378.8
"202","Waterbuck","mardi 31 janvier 2006",31,1,2006,"DBP1","SA","dry",71,"N",8.58
"203","Waterbuck","mardi 31 janvier 2006",31,1,2006,"DBP1","SA","dry",71,"P",2.09
"204","Waterbuck","mardi 31 janvier 2006",31,1,2006,"DBP1","SA","dry",72,"C",384.3
"205","Waterbuck","mardi 31 janvier 2006",31,1,2006,"DBP1","SA","dry",72,"N",16.35
"206","Waterbuck","mardi 31 janvier 2006",31,1,2006,"DBP1","SA","dry",72,"P",3.34
"207","Waterbuck","mardi 31 janvier 2006",31,1,2006,"DBP1","SA","dry",73,"C",362.3
"208","Waterbuck","mardi 31 janvier 2006",31,1,2006,"DBP1","SA","dry",73,"N",20.75
"209","Waterbuck","mardi 31 janvier 2006",31,1,2006,"DBP1","SA","dry",73,"P",2.78
"210","Waterbuck","mardi 31 janvier 2006",31,1,2006,"DBP1","SA","dry",74,"C",380.7
"211","Waterbuck","mardi 31 janvier 2006",31,1,2006,"DBP1","SA","dry",74,"N",15.93
"212","Waterbuck","mardi 31 janvier 2006",31,1,2006,"DBP1","SA","dry",74,"P",3.78
"213","Waterbuck","mardi 31 janvier 2006",31,1,2006,"DBP1","SA","dry",75,"C",377.2
"214","Waterbuck","mardi 31 janvier 2006",31,1,2006,"DBP1","SA","dry",75,"N",16.71
"215","Waterbuck","mardi 31 janvier 2006",31,1,2006,"DBP1","SA","dry",75,"P",3
"216","Waterbuck","mardi 31 janvier 2006",31,1,2006,"DBP1","SA","dry",76,"C",379.9
"217","Waterbuck","mardi 31 janvier 2006",31,1,2006,"DBP1","SA","dry",76,"N",15.23
"218","Waterbuck","mardi 31 janvier 2006",31,1,2006,"DBP1","SA","dry",76,"P",3.62
"219","Waterbuck","mardi 31 janvier 2006",31,1,2006,"DBP1","SA","dry",77,"C",384.3
"220","Waterbuck","mardi 31 janvier 2006",31,1,2006,"DBP1","SA","dry",77,"N",16.91
"221","Waterbuck","mardi 31 janvier 2006",31,1,2006,"DBP1","SA","dry",77,"P",2.61
"222","Waterbuck","mardi 31 janvier 2006",31,1,2006,"DBP1","SA","dry",78,"C",379.6
"223","Waterbuck","mardi 31 janvier 2006",31,1,2006,"DBP1","SA","dry",78,"N",17.1
"224","Waterbuck","mardi 31 janvier 2006",31,1,2006,"DBP1","SA","dry",78,"P",2.74
"225","Waterbuck","mardi 31 janvier 2006",31,1,2006,"DBP1","SA","dry",79,"C",373.9
"226","Waterbuck","mardi 31 janvier 2006",31,1,2006,"DBP1","SA","dry",79,"N",15.74
"227","Waterbuck","mardi 31 janvier 2006",31,1,2006,"DBP1","SA","dry",79,"P",2.98
"228","Waterbuck","mardi 31 janvier 2006",31,1,2006,"DBP1","SA","dry",80,"C",378.2
"229","Waterbuck","mardi 31 janvier 2006",31,1,2006,"DBP1","SA","dry",80,"N",16.39
"230","Waterbuck","mardi 31 janvier 2006",31,1,2006,"DBP1","SA","dry",80,"P",3.66
"231","Wildebeest","mardi 31 janvier 2006",31,1,2006,"DBP1","SA","dry",81,"C",323.9
"232","Wildebeest","mardi 31 janvier 2006",31,1,2006,"DBP1","SA","dry",81,"N",15.83
"233","Wildebeest","mardi 31 janvier 2006",31,1,2006,"DBP1","SA","dry",81,"P",2.81
"234","Wildebeest","mardi 31 janvier 2006",31,1,2006,"DBP1","SA","dry",82,"C",346.7
"235","Wildebeest","mardi 31 janvier 2006",31,1,2006,"DBP1","SA","dry",82,"N",14.86
"236","Wildebeest","mardi 31 janvier 2006",31,1,2006,"DBP1","SA","dry",82,"P",2.45
"237","Wildebeest","mardi 31 janvier 2006",31,1,2006,"DBP1","SA","dry",83,"C",338.5
"238","Wildebeest","mardi 31 janvier 2006",31,1,2006,"DBP1","SA","dry",83,"N",15.93
"239","Wildebeest","mardi 31 janvier 2006",31,1,2006,"DBP1","SA","dry",83,"P",2.35
"240","Wildebeest","mardi 31 janvier 2006",31,1,2006,"DBP1","SA","dry",84,"C",339.4
"241","Wildebeest","mardi 31 janvier 2006",31,1,2006,"DBP1","SA","dry",84,"N",15.02
"242","Wildebeest","mardi 31 janvier 2006",31,1,2006,"DBP1","SA","dry",84,"P",2.17
"243","Wildebeest","mardi 31 janvier 2006",31,1,2006,"DBP1","SA","dry",85,"C",339.5
"244","Wildebeest","mardi 31 janvier 2006",31,1,2006,"DBP1","SA","dry",85,"N",16.75
"245","Wildebeest","mardi 31 janvier 2006",31,1,2006,"DBP1","SA","dry",85,"P",2.29
"246","Wildebeest","mardi 31 janvier 2006",31,1,2006,"DBP1","SA","dry",86,"C",341.9
"247","Wildebeest","mardi 31 janvier 2006",31,1,2006,"DBP1","SA","dry",86,"N",19.09
"248","Wildebeest","mardi 31 janvier 2006",31,1,2006,"DBP1","SA","dry",86,"P",2.39
"249","Wildebeest","mardi 31 janvier 2006",31,1,2006,"DBP1","SA","dry",87,"C",344.3
"250","Wildebeest","mardi 31 janvier 2006",31,1,2006,"DBP1","SA","dry",87,"N",14.31
"251","Wildebeest","mardi 31 janvier 2006",31,1,2006,"DBP1","SA","dry",87,"P",2.28
"252","Wildebeest","mardi 31 janvier 2006",31,1,2006,"DBP1","SA","dry",88,"C",337.8
"253","Wildebeest","mardi 31 janvier 2006",31,1,2006,"DBP1","SA","dry",88,"N",15.94
"254","Wildebeest","mardi 31 janvier 2006",31,1,2006,"DBP1","SA","dry",88,"P",2.26
"255","Wildebeest","mardi 31 janvier 2006",31,1,2006,"DBP1","SA","dry",89,"C",332.4
"256","Wildebeest","mardi 31 janvier 2006",31,1,2006,"DBP1","SA","dry",89,"N",16.34
"257","Wildebeest","mardi 31 janvier 2006",31,1,2006,"DBP1","SA","dry",89,"P",3.45
"258","Wildebeest","mardi 31 janvier 2006",31,1,2006,"DBP1","SA","dry",90,"C",341.9
"259","Wildebeest","mardi 31 janvier 2006",31,1,2006,"DBP1","SA","dry",90,"N",17.56
"260","Wildebeest","mardi 31 janvier 2006",31,1,2006,"DBP1","SA","dry",90,"P",2.54
"261","Buffalo","lundi 31 juillet 2006",31,7,2006,"DDE3","SA","dry",91,"C",393.2
"262","Buffalo","lundi 31 juillet 2006",31,7,2006,"DDE3","SA","dry",91,"N",9.71
"263","Buffalo","lundi 31 juillet 2006",31,7,2006,"DDE3","SA","dry",91,"P",2.5
"264","Buffalo","lundi 31 juillet 2006",31,7,2006,"DDE3","SA","dry",92,"C",389.2
"265","Buffalo","lundi 31 juillet 2006",31,7,2006,"DDE3","SA","dry",92,"N",9.14
"266","Buffalo","lundi 31 juillet 2006",31,7,2006,"DDE3","SA","dry",92,"P",2.32
"267","Buffalo","lundi 31 juillet 2006",31,7,2006,"DDE3","SA","dry",93,"C",387.1
"268","Buffalo","lundi 31 juillet 2006",31,7,2006,"DDE3","SA","dry",93,"N",10.03
"269","Buffalo","lundi 31 juillet 2006",31,7,2006,"DDE3","SA","dry",93,"P",2.06
"270","Buffalo","lundi 31 juillet 2006",31,7,2006,"DDE3","SA","dry",94,"C",394.7
"271","Buffalo","lundi 31 juillet 2006",31,7,2006,"DDE3","SA","dry",94,"N",9.55
"272","Buffalo","lundi 31 juillet 2006",31,7,2006,"DDE3","SA","dry",94,"P",2.42
"273","Buffalo","lundi 31 juillet 2006",31,7,2006,"DDE3","SA","dry",95,"C",387.5
"274","Buffalo","lundi 31 juillet 2006",31,7,2006,"DDE3","SA","dry",95,"N",10.39
"275","Buffalo","lundi 31 juillet 2006",31,7,2006,"DDE3","SA","dry",95,"P",2.57
"276","Giraffe","lundi 31 juillet 2006",31,7,2006,"DDE3","SA","dry",96,"C",439.1
"277","Giraffe","lundi 31 juillet 2006",31,7,2006,"DDE3","SA","dry",96,"N",20.38
"278","Giraffe","lundi 31 juillet 2006",31,7,2006,"DDE3","SA","dry",96,"P",1.84
"279","Giraffe","lundi 31 juillet 2006",31,7,2006,"DDE3","SA","dry",97,"C",447.7
"280","Giraffe","lundi 31 juillet 2006",31,7,2006,"DDE3","SA","dry",97,"N",36.55
"281","Giraffe","lundi 31 juillet 2006",31,7,2006,"DDE3","SA","dry",97,"P",3.59
"282","Giraffe","lundi 31 juillet 2006",31,7,2006,"DDE3","SA","dry",98,"C",453.5
"283","Giraffe","lundi 31 juillet 2006",31,7,2006,"DDE3","SA","dry",98,"N",30.82
"284","Giraffe","lundi 31 juillet 2006",31,7,2006,"DDE3","SA","dry",98,"P",3.57
"285","Giraffe","lundi 31 juillet 2006",31,7,2006,"DDE3","SA","dry",99,"C",414.9
"286","Giraffe","lundi 31 juillet 2006",31,7,2006,"DDE3","SA","dry",99,"N",31.59
"287","Giraffe","lundi 31 juillet 2006",31,7,2006,"DDE3","SA","dry",99,"P",3.51
"288","Giraffe","lundi 31 juillet 2006",31,7,2006,"DDE3","SA","dry",100,"C",441.7
"289","Giraffe","lundi 31 juillet 2006",31,7,2006,"DDE3","SA","dry",100,"N",38.33
"290","Giraffe","lundi 31 juillet 2006",31,7,2006,"DDE3","SA","dry",100,"P",4.26
"291","Reedbuck","lundi 31 juillet 2006",31,7,2006,"DDE3","SA","dry",101,"C",398.4
"292","Reedbuck","lundi 31 juillet 2006",31,7,2006,"DDE3","SA","dry",101,"N",19.73
"293","Reedbuck","lundi 31 juillet 2006",31,7,2006,"DDE3","SA","dry",101,"P",4.24
"294","Reedbuck","lundi 31 juillet 2006",31,7,2006,"DDE3","SA","dry",102,"C",403.2
"295","Reedbuck","lundi 31 juillet 2006",31,7,2006,"DDE3","SA","dry",102,"N",18.82
"296","Reedbuck","lundi 31 juillet 2006",31,7,2006,"DDE3","SA","dry",102,"P",4.19
"297","Reedbuck","lundi 31 juillet 2006",31,7,2006,"DDE3","SA","dry",103,"C",395.7
"298","Reedbuck","lundi 31 juillet 2006",31,7,2006,"DDE3","SA","dry",103,"N",18.18
"299","Reedbuck","lundi 31 juillet 2006",31,7,2006,"DDE3","SA","dry",103,"P",3.89
"300","Reedbuck","lundi 31 juillet 2006",31,7,2006,"DDE3","SA","dry",104,"C",400
"301","Reedbuck","lundi 31 juillet 2006",31,7,2006,"DDE3","SA","dry",104,"N",18.43
"302","Reedbuck","lundi 31 juillet 2006",31,7,2006,"DDE3","SA","dry",104,"P",4.24
"303","Reedbuck","lundi 31 juillet 2006",31,7,2006,"DDE3","SA","dry",105,"C",398.7
"304","Reedbuck","lundi 31 juillet 2006",31,7,2006,"DDE3","SA","dry",105,"N",19.73
"305","Reedbuck","lundi 31 juillet 2006",31,7,2006,"DDE3","SA","dry",105,"P",4.07
"306","Warthog","lundi 31 juillet 2006",31,7,2006,"DDE3","SA","dry",106,"C",332.5
"307","Warthog","lundi 31 juillet 2006",31,7,2006,"DDE3","SA","dry",106,"N",11.11
"308","Warthog","lundi 31 juillet 2006",31,7,2006,"DDE3","SA","dry",106,"P",3.69
"309","Warthog","lundi 31 juillet 2006",31,7,2006,"DDE3","SA","dry",107,"C",394.9
"310","Warthog","lundi 31 juillet 2006",31,7,2006,"DDE3","SA","dry",107,"N",14.78
"311","Warthog","lundi 31 juillet 2006",31,7,2006,"DDE3","SA","dry",107,"P",4.8
"312","Warthog","lundi 31 juillet 2006",31,7,2006,"DDE3","SA","dry",108,"C",381.4
"313","Warthog","lundi 31 juillet 2006",31,7,2006,"DDE3","SA","dry",108,"N",11.48
"314","Warthog","lundi 31 juillet 2006",31,7,2006,"DDE3","SA","dry",108,"P",3.95
"315","Warthog","lundi 31 juillet 2006",31,7,2006,"DDE3","SA","dry",109,"C",356.6
"316","Warthog","lundi 31 juillet 2006",31,7,2006,"DDE3","SA","dry",109,"N",10.85
"317","Warthog","lundi 31 juillet 2006",31,7,2006,"DDE3","SA","dry",109,"P",3.29
"318","Warthog","lundi 31 juillet 2006",31,7,2006,"DDE3","SA","dry",110,"C",361.4
"319","Warthog","lundi 31 juillet 2006",31,7,2006,"DDE3","SA","dry",110,"N",12.05
"320","Warthog","lundi 31 juillet 2006",31,7,2006,"DDE3","SA","dry",110,"P",3.7
"321","Waterbuck","lundi 31 juillet 2006",31,7,2006,"DDE3","SA","dry",111,"C",387.3
"322","Waterbuck","lundi 31 juillet 2006",31,7,2006,"DDE3","SA","dry",111,"N",10.83
"323","Waterbuck","lundi 31 juillet 2006",31,7,2006,"DDE3","SA","dry",111,"P",2.19
"324","Waterbuck","lundi 31 juillet 2006",31,7,2006,"DDE3","SA","dry",112,"C",395.7
"325","Waterbuck","lundi 31 juillet 2006",31,7,2006,"DDE3","SA","dry",112,"N",10.25
"326","Waterbuck","lundi 31 juillet 2006",31,7,2006,"DDE3","SA","dry",112,"P",2
"327","Waterbuck","lundi 31 juillet 2006",31,7,2006,"DDE3","SA","dry",113,"C",393.4
"328","Waterbuck","lundi 31 juillet 2006",31,7,2006,"DDE3","SA","dry",113,"N",10.23
"329","Waterbuck","lundi 31 juillet 2006",31,7,2006,"DDE3","SA","dry",113,"P",2.08
"330","Waterbuck","lundi 31 juillet 2006",31,7,2006,"DDE3","SA","dry",114,"C",399.6
"331","Waterbuck","lundi 31 juillet 2006",31,7,2006,"DDE3","SA","dry",114,"N",10.37
"332","Waterbuck","lundi 31 juillet 2006",31,7,2006,"DDE3","SA","dry",114,"P",2.05
"333","Waterbuck","lundi 31 juillet 2006",31,7,2006,"DDE3","SA","dry",115,"C",394.5
"334","Waterbuck","lundi 31 juillet 2006",31,7,2006,"DDE3","SA","dry",115,"N",11.89
"335","Waterbuck","lundi 31 juillet 2006",31,7,2006,"DDE3","SA","dry",115,"P",2.29
"336","Wildebeest","lundi 31 juillet 2006",31,7,2006,"DDE3","SA","dry",116,"C",380
"337","Wildebeest","lundi 31 juillet 2006",31,7,2006,"DDE3","SA","dry",116,"N",9.41
"338","Wildebeest","lundi 31 juillet 2006",31,7,2006,"DDE3","SA","dry",116,"P",6.56
"339","Wildebeest","lundi 31 juillet 2006",31,7,2006,"DDE3","SA","dry",117,"C",384.8
"340","Wildebeest","lundi 31 juillet 2006",31,7,2006,"DDE3","SA","dry",117,"N",9.96
"341","Wildebeest","lundi 31 juillet 2006",31,7,2006,"DDE3","SA","dry",117,"P",6.78
"342","Wildebeest","lundi 31 juillet 2006",31,7,2006,"DDE3","SA","dry",118,"C",384.5
"343","Wildebeest","lundi 31 juillet 2006",31,7,2006,"DDE3","SA","dry",118,"N",9.36
"344","Wildebeest","lundi 31 juillet 2006",31,7,2006,"DDE3","SA","dry",118,"P",6.65
"345","Wildebeest","lundi 31 juillet 2006",31,7,2006,"DDE3","SA","dry",119,"C",369.7
"346","Wildebeest","lundi 31 juillet 2006",31,7,2006,"DDE3","SA","dry",119,"N",8.78
"347","Wildebeest","lundi 31 juillet 2006",31,7,2006,"DDE3","SA","dry",119,"P",5.85
"348","Wildebeest","lundi 31 juillet 2006",31,7,2006,"DDE3","SA","dry",120,"C",379.1
"349","Wildebeest","lundi 31 juillet 2006",31,7,2006,"DDE3","SA","dry",120,"N",9.5
"350","Wildebeest","lundi 31 juillet 2006",31,7,2006,"DDE3","SA","dry",120,"P",6.67
"351","Bushbuck","Begin of November 2009",NA,10,2009,"NA3","MK","wet",121,"N",21.71
"352","Bushbuck","Begin of November 2009",NA,10,2009,"NA3","MK","wet",121,"P",5.59
"353","Bushbuck","Begin of November 2009",NA,10,2009,"NA3","MK","wet",122,"N",20.6
"354","Bushbuck","Begin of November 2009",NA,10,2009,"NA3","MK","wet",122,"P",4.95
"355","Bushbuck","Begin of November 2009",NA,10,2009,"NA3","MK","wet",123,"N",20.43
"356","Bushbuck","Begin of November 2009",NA,10,2009,"NA3","MK","wet",123,"P",3
"357","Bushbuck","Begin of November 2009",NA,10,2009,"NA3","MK","wet",124,"N",25.18
"358","Bushbuck","Begin of November 2009",NA,10,2009,"NA3","MK","wet",124,"P",6.11
"359","Bushbuck","Begin of November 2009",NA,10,2009,"NA3","MK","wet",125,"N",25.35
"360","Bushbuck","Begin of November 2009",NA,10,2009,"NA3","MK","wet",125,"P",4.63
"361","Giraffe","Begin of November 2009",NA,10,2009,"NA3","MK","wet",126,"N",29.94
"362","Giraffe","Begin of November 2009",NA,10,2009,"NA3","MK","wet",126,"P",3.56
"363","Giraffe","Begin of November 2009",NA,10,2009,"NA3","MK","wet",127,"N",29.98
"364","Giraffe","Begin of November 2009",NA,10,2009,"NA3","MK","wet",127,"P",3.03
"365","Giraffe","Begin of November 2009",NA,10,2009,"NA3","MK","wet",128,"N",32.9
"366","Giraffe","Begin of November 2009",NA,10,2009,"NA3","MK","wet",128,"P",2.31
"367","Giraffe","Begin of November 2009",NA,10,2009,"NA3","MK","wet",129,"N",29.6
"368","Giraffe","Begin of November 2009",NA,10,2009,"NA3","MK","wet",129,"P",4.65
"369","Hare","Begin of November 2009",NA,10,2009,"NA3","MK","wet",130,"N",17.16
"370","Hare","Begin of November 2009",NA,10,2009,"NA3","MK","wet",130,"P",1.78
"371","Hare","Begin of November 2009",NA,10,2009,"NA3","MK","wet",131,"N",22.3
"372","Hare","Begin of November 2009",NA,10,2009,"NA3","MK","wet",131,"P",2.64
"373","Hare","Begin of November 2009",NA,10,2009,"NA3","MK","wet",132,"N",17.02
"374","Hare","Begin of November 2009",NA,10,2009,"NA3","MK","wet",132,"P",1.13
"375","Rat","Begin of November 2009",NA,10,2009,"NA3","MK","wet",133,"N",6.33
"376","Rat","Begin of November 2009",NA,10,2009,"NA3","MK","wet",133,"P",0.4
"377","Rat","Begin of November 2009",NA,10,2009,"NA3","MK","wet",134,"N",4.88
"378","Rat","Begin of November 2009",NA,10,2009,"NA3","MK","wet",134,"P",0.31
"379","Reedbuck","Begin of November 2009",NA,10,2009,"NA3","MK","wet",135,"N",12.7
"380","Reedbuck","Begin of November 2009",NA,10,2009,"NA3","MK","wet",135,"P",2.3
"381","Reedbuck","Begin of November 2009",NA,10,2009,"NA3","MK","wet",136,"N",14.04
"382","Reedbuck","Begin of November 2009",NA,10,2009,"NA3","MK","wet",136,"P",2.45
"383","Reedbuck","Begin of November 2009",NA,10,2009,"NA3","MK","wet",137,"N",14.59
"384","Reedbuck","Begin of November 2009",NA,10,2009,"NA3","MK","wet",137,"P",2.18
"385","Reedbuck","Begin of November 2009",NA,10,2009,"NA3","MK","wet",138,"N",21.9
"386","Reedbuck","Begin of November 2009",NA,10,2009,"NA3","MK","wet",138,"P",3.14
"387","Warthog","Begin of November 2009",NA,10,2009,"NA3","MK","wet",139,"N",18.68
"388","Warthog","Begin of November 2009",NA,10,2009,"NA3","MK","wet",139,"P",2.47
"389","Warthog","Begin of November 2009",NA,10,2009,"NA3","MK","wet",140,"N",8.49
"390","Warthog","Begin of November 2009",NA,10,2009,"NA3","MK","wet",140,"P",1.47
"391","Warthog","Begin of November 2009",NA,10,2009,"NA3","MK","wet",141,"N",12.87
"392","Warthog","Begin of November 2009",NA,10,2009,"NA3","MK","wet",141,"P",1.51
"393","Warthog","Begin of November 2009",NA,10,2009,"NA3","MK","wet",142,"N",18.87
"394","Warthog","Begin of November 2009",NA,10,2009,"NA3","MK","wet",142,"P",2.88
"395","Warthog","Begin of November 2009",NA,10,2009,"NA3","MK","wet",143,"N",18.62
"396","Warthog","Begin of November 2009",NA,10,2009,"NA3","MK","wet",143,"P",2.23
"397","Warthog","Begin of November 2009",NA,10,2009,"NA3","MK","wet",144,"N",30.72
"398","Warthog","Begin of November 2009",NA,10,2009,"NA3","MK","wet",144,"P",5.68
"399","Warthog","Begin of November 2009",NA,10,2009,"NA3","MK","wet",145,"N",15.18
"400","Warthog","Begin of November 2009",NA,10,2009,"NA3","MK","wet",145,"P",2.04
"401","Warthog","Begin of November 2009",NA,10,2009,"NA3","MK","wet",146,"N",20.38
"402","Warthog","Begin of November 2009",NA,10,2009,"NA3","MK","wet",146,"P",1.84
"403","Waterbuck","Begin of November 2009",NA,10,2009,"NA3","MK","wet",147,"N",16.12
"404","Waterbuck","Begin of November 2009",NA,10,2009,"NA3","MK","wet",147,"P",2.09
"405","Waterbuck","Begin of November 2009",NA,10,2009,"NA3","MK","wet",148,"N",14.8
"406","Waterbuck","Begin of November 2009",NA,10,2009,"NA3","MK","wet",148,"P",1.93
"407","Waterbuck","Begin of November 2009",NA,10,2009,"NA3","MK","wet",149,"N",35.59
"408","Waterbuck","Begin of November 2009",NA,10,2009,"NA3","MK","wet",149,"P",2.98
"409","Waterbuck","Begin of November 2009",NA,10,2009,"NA3","MK","wet",150,"N",15.9
"410","Waterbuck","Begin of November 2009",NA,10,2009,"NA3","MK","wet",150,"P",2.18
"411","Waterbuck","Begin of November 2009",NA,10,2009,"NA3","MK","wet",151,"N",18.21
"412","Waterbuck","Begin of November 2009",NA,10,2009,"NA3","MK","wet",151,"P",2.88
"413","Waterbuck","Begin of November 2009",NA,10,2009,"NA3","MK","wet",152,"N",17.98
"414","Waterbuck","Begin of November 2009",NA,10,2009,"NA3","MK","wet",152,"P",2.92
"415","Buffalo","End of July 2009",NA,7,2009,"NA1","","dry",153,"C",142
"416","Buffalo","End of July 2009",NA,7,2009,"NA1","","dry",153,"N",5.33
"417","Buffalo","End of July 2009",NA,7,2009,"NA1","","dry",153,"P",7.24
"418","Buffalo","End of July 2009",NA,7,2009,"NA1","","dry",154,"C",339
"419","Buffalo","End of July 2009",NA,7,2009,"NA1","","dry",154,"N",12.5
"420","Buffalo","End of July 2009",NA,7,2009,"NA1","","dry",154,"P",3.32
"421","Buffalo","End of July 2009",NA,7,2009,"NA1","","dry",155,"C",327
"422","Buffalo","End of July 2009",NA,7,2009,"NA1","","dry",155,"N",13
"423","Buffalo","End of July 2009",NA,7,2009,"NA1","","dry",155,"P",1.46
"424","Buffalo","End of July 2009",NA,7,2009,"NA1","","dry",156,"C",274.8
"425","Buffalo","End of July 2009",NA,7,2009,"NA1","","dry",156,"N",8.15
"426","Buffalo","End of July 2009",NA,7,2009,"NA1","","dry",156,"P",3.29
"427","Bushbuck","End of July 2009",NA,7,2009,"NA1","","dry",157,"C",449
"428","Bushbuck","End of July 2009",NA,7,2009,"NA1","","dry",157,"N",22.2
"429","Bushbuck","End of July 2009",NA,7,2009,"NA1","","dry",157,"P",3.81
"430","Bushbuck","End of July 2009",NA,7,2009,"NA1","","dry",158,"C",461.9
"431","Bushbuck","End of July 2009",NA,7,2009,"NA1","","dry",158,"N",25.73
"432","Bushbuck","End of July 2009",NA,7,2009,"NA1","","dry",158,"P",2.77
"433","Bushbuck","End of July 2009",NA,7,2009,"NA1","","dry",159,"C",403
"434","Bushbuck","End of July 2009",NA,7,2009,"NA1","","dry",159,"N",19.42
"435","Bushbuck","End of July 2009",NA,7,2009,"NA1","","dry",159,"P",1.75
"436","Bushbuck","End of July 2009",NA,7,2009,"NA1","","dry",160,"C",388
"437","Bushbuck","End of July 2009",NA,7,2009,"NA1","","dry",160,"N",11.3
"438","Bushbuck","End of July 2009",NA,7,2009,"NA1","","dry",160,"P",2.63
"439","Bushbuck","End of July 2009",NA,7,2009,"NA1","","dry",161,"C",363
"440","Bushbuck","End of July 2009",NA,7,2009,"NA1","","dry",161,"N",11.3
"441","Bushbuck","End of July 2009",NA,7,2009,"NA1","","dry",161,"P",2.24
"442","Bushbuck","End of July 2009",NA,7,2009,"NA1","","dry",162,"C",435
"443","Bushbuck","End of July 2009",NA,7,2009,"NA1","","dry",162,"N",17.5
"444","Bushbuck","End of July 2009",NA,7,2009,"NA1","","dry",162,"P",2.77
"445","Elephant","End of July 2009",NA,7,2009,"NA1","","dry",163,"C",434
"446","Elephant","End of July 2009",NA,7,2009,"NA1","","dry",163,"N",13.3
"447","Elephant","End of July 2009",NA,7,2009,"NA1","","dry",163,"P",4.19
"448","Elephant","End of July 2009",NA,7,2009,"NA1","","dry",164,"C",444
"449","Elephant","End of July 2009",NA,7,2009,"NA1","","dry",164,"N",10.8
"450","Elephant","End of July 2009",NA,7,2009,"NA1","","dry",164,"P",2.7
"451","Elephant","End of July 2009",NA,7,2009,"NA1","","dry",165,"C",430
"452","Elephant","End of July 2009",NA,7,2009,"NA1","","dry",165,"N",12.3
"453","Elephant","End of July 2009",NA,7,2009,"NA1","","dry",165,"P",1.7
"454","Giraffe","End of July 2009",NA,7,2009,"NA1","","dry",166,"C",450
"455","Giraffe","End of July 2009",NA,7,2009,"NA1","","dry",166,"N",22.2
"456","Giraffe","End of July 2009",NA,7,2009,"NA1","","dry",166,"P",2.42
"457","Giraffe","End of July 2009",NA,7,2009,"NA1","","dry",167,"C",436
"458","Giraffe","End of July 2009",NA,7,2009,"NA1","","dry",167,"N",22.8
"459","Giraffe","End of July 2009",NA,7,2009,"NA1","","dry",167,"P",2.72
"460","Giraffe","End of July 2009",NA,7,2009,"NA1","","dry",168,"C",451
"461","Giraffe","End of July 2009",NA,7,2009,"NA1","","dry",168,"N",21.6
"462","Giraffe","End of July 2009",NA,7,2009,"NA1","","dry",168,"P",2.65
"463","Giraffe","End of July 2009",NA,7,2009,"NA1","","dry",169,"C",402
"464","Giraffe","End of July 2009",NA,7,2009,"NA1","","dry",169,"N",11.7
"465","Giraffe","End of July 2009",NA,7,2009,"NA1","","dry",169,"P",2.06
"466","Giraffe","End of July 2009",NA,7,2009,"NA1","","dry",170,"C",464
"467","Giraffe","End of July 2009",NA,7,2009,"NA1","","dry",170,"N",19.7
"468","Giraffe","End of July 2009",NA,7,2009,"NA1","","dry",170,"P",2.2
"469","Hare","End of July 2009",NA,7,2009,"NA1","","dry",171,"C",423
"470","Hare","End of July 2009",NA,7,2009,"NA1","","dry",171,"N",9.89
"471","Hare","End of July 2009",NA,7,2009,"NA1","","dry",171,"P",0.69
"472","Hare","End of July 2009",NA,7,2009,"NA1","","dry",172,"C",420
"473","Hare","End of July 2009",NA,7,2009,"NA1","","dry",172,"N",12.4
"474","Hare","End of July 2009",NA,7,2009,"NA1","","dry",172,"P",0.98
"475","Hare","End of July 2009",NA,7,2009,"NA1","","dry",173,"C",398
"476","Hare","End of July 2009",NA,7,2009,"NA1","","dry",173,"N",13.2
"477","Hare","End of July 2009",NA,7,2009,"NA1","","dry",173,"P",1.04
"478","Hare","End of July 2009",NA,7,2009,"NA1","","dry",174,"C",378
"479","Hare","End of July 2009",NA,7,2009,"NA1","","dry",174,"N",21.3
"480","Hare","End of July 2009",NA,7,2009,"NA1","","dry",174,"P",0.68
"481","Hare","End of July 2009",NA,7,2009,"NA1","","dry",175,"C",415
"482","Hare","End of July 2009",NA,7,2009,"NA1","","dry",175,"N",10.1
"483","Hare","End of July 2009",NA,7,2009,"NA1","","dry",175,"P",4.21
"484","Hare","End of July 2009",NA,7,2009,"NA1","","dry",176,"C",415
"485","Hare","End of July 2009",NA,7,2009,"NA1","","dry",176,"N",9.63
"486","Hare","End of July 2009",NA,7,2009,"NA1","","dry",176,"P",0.73
"487","Kongoni","End of July 2009",NA,7,2009,"NA1","","dry",177,"C",371
"488","Kongoni","End of July 2009",NA,7,2009,"NA1","","dry",177,"N",9.38
"489","Kongoni","End of July 2009",NA,7,2009,"NA1","","dry",177,"P",1.96
"490","Kongoni","End of July 2009",NA,7,2009,"NA1","","dry",178,"C",400
"491","Kongoni","End of July 2009",NA,7,2009,"NA1","","dry",178,"N",11
"492","Kongoni","End of July 2009",NA,7,2009,"NA1","","dry",178,"P",2.27
"493","Kongoni","End of July 2009",NA,7,2009,"NA1","","dry",179,"C",439
"494","Kongoni","End of July 2009",NA,7,2009,"NA1","","dry",179,"N",5.3
"495","Kongoni","End of July 2009",NA,7,2009,"NA1","","dry",179,"P",4.77
"496","Rat","End of July 2009",NA,7,2009,"NA1","","dry",180,"C",428
"497","Rat","End of July 2009",NA,7,2009,"NA1","","dry",180,"N",3.88
"498","Rat","End of July 2009",NA,7,2009,"NA1","","dry",180,"P",0.33
"499","Rat","End of July 2009",NA,7,2009,"NA1","","dry",181,"C",418
"500","Rat","End of July 2009",NA,7,2009,"NA1","","dry",181,"N",3.5
"501","Rat","End of July 2009",NA,7,2009,"NA1","","dry",181,"P",0.48
"502","Rat","End of July 2009",NA,7,2009,"NA1","","dry",182,"C",433
"503","Rat","End of July 2009",NA,7,2009,"NA1","","dry",182,"N",3.84
"504","Rat","End of July 2009",NA,7,2009,"NA1","","dry",182,"P",0.37
"505","Rat","End of July 2009",NA,7,2009,"NA1","","dry",183,"C",408
"506","Rat","End of July 2009",NA,7,2009,"NA1","","dry",183,"N",5.52
"507","Rat","End of July 2009",NA,7,2009,"NA1","","dry",183,"P",0.49
"508","Rat","End of July 2009",NA,7,2009,"NA1","","dry",184,"C",428
"509","Rat","End of July 2009",NA,7,2009,"NA1","","dry",184,"N",5.13
"510","Rat","End of July 2009",NA,7,2009,"NA1","","dry",184,"P",0.94
"511","Red duiker","End of July 2009",NA,7,2009,"NA1","","dry",185,"C",420
"512","Red duiker","End of July 2009",NA,7,2009,"NA1","","dry",185,"N",16.3
"513","Red duiker","End of July 2009",NA,7,2009,"NA1","","dry",185,"P",2.8
"514","Red duiker","End of July 2009",NA,7,2009,"NA1","","dry",186,"C",434.9
"515","Red duiker","End of July 2009",NA,7,2009,"NA1","","dry",186,"N",19.97
"516","Red duiker","End of July 2009",NA,7,2009,"NA1","","dry",186,"P",3.1
"517","Reedbuck","End of July 2009",NA,7,2009,"NA1","","dry",187,"C",396
"518","Reedbuck","End of July 2009",NA,7,2009,"NA1","","dry",187,"N",12.4
"519","Reedbuck","End of July 2009",NA,7,2009,"NA1","","dry",187,"P",3.3
"520","Reedbuck","End of July 2009",NA,7,2009,"NA1","","dry",188,"C",395
"521","Reedbuck","End of July 2009",NA,7,2009,"NA1","","dry",188,"N",12.4
"522","Reedbuck","End of July 2009",NA,7,2009,"NA1","","dry",188,"P",2.59
"523","Reedbuck","End of July 2009",NA,7,2009,"NA1","","dry",189,"C",388
"524","Reedbuck","End of July 2009",NA,7,2009,"NA1","","dry",189,"N",12.3
"525","Reedbuck","End of July 2009",NA,7,2009,"NA1","","dry",189,"P",2.79
"526","Reedbuck","End of July 2009",NA,7,2009,"NA1","","dry",190,"C",478
"527","Reedbuck","End of July 2009",NA,7,2009,"NA1","","dry",190,"N",23.9
"528","Reedbuck","End of July 2009",NA,7,2009,"NA1","","dry",190,"P",2.27
"529","Reedbuck","End of July 2009",NA,7,2009,"NA1","","dry",191,"C",387.1
"530","Reedbuck","End of July 2009",NA,7,2009,"NA1","","dry",191,"N",11.8
"531","Reedbuck","End of July 2009",NA,7,2009,"NA1","","dry",191,"P",2.52
"532","Suni","End of July 2009",NA,7,2009,"NA1","","dry",192,"C",429
"533","Suni","End of July 2009",NA,7,2009,"NA1","","dry",192,"N",20.1
"534","Suni","End of July 2009",NA,7,2009,"NA1","","dry",192,"P",1.76
"535","Suni","End of July 2009",NA,7,2009,"NA1","","dry",193,"C",410
"536","Suni","End of July 2009",NA,7,2009,"NA1","","dry",193,"N",23.7
"537","Suni","End of July 2009",NA,7,2009,"NA1","","dry",193,"P",1.5
"538","Warthog","End of July 2009",NA,7,2009,"NA1","","dry",194,"C",365
"539","Warthog","End of July 2009",NA,7,2009,"NA1","","dry",194,"N",8.58
"540","Warthog","End of July 2009",NA,7,2009,"NA1","","dry",194,"P",4.15
"541","Warthog","End of July 2009",NA,7,2009,"NA1","","dry",195,"C",396
"542","Warthog","End of July 2009",NA,7,2009,"NA1","","dry",195,"N",11.9
"543","Warthog","End of July 2009",NA,7,2009,"NA1","","dry",195,"P",2.23
"544","Warthog","End of July 2009",NA,7,2009,"NA1","","dry",196,"C",383
"545","Warthog","End of July 2009",NA,7,2009,"NA1","","dry",196,"N",11
"546","Warthog","End of July 2009",NA,7,2009,"NA1","","dry",196,"P",1.83
"547","Warthog","End of July 2009",NA,7,2009,"NA1","","dry",197,"C",322
"548","Warthog","End of July 2009",NA,7,2009,"NA1","","dry",197,"N",14.1
"549","Warthog","End of July 2009",NA,7,2009,"NA1","","dry",197,"P",1.78
"550","Warthog","End of July 2009",NA,7,2009,"NA1","","dry",198,"C",344
"551","Warthog","End of July 2009",NA,7,2009,"NA1","","dry",198,"N",8
"552","Warthog","End of July 2009",NA,7,2009,"NA1","","dry",198,"P",2
"553","Warthog","End of July 2009",NA,7,2009,"NA1","","dry",199,"C",407
"554","Warthog","End of July 2009",NA,7,2009,"NA1","","dry",199,"N",8.8
"555","Warthog","End of July 2009",NA,7,2009,"NA1","","dry",199,"P",1.85
"556","Waterbuck","End of July 2009",NA,7,2009,"NA1","","dry",200,"C",383
"557","Waterbuck","End of July 2009",NA,7,2009,"NA1","","dry",200,"N",11
"558","Waterbuck","End of July 2009",NA,7,2009,"NA1","","dry",200,"P",2.72
"559","Waterbuck","End of July 2009",NA,7,2009,"NA1","","dry",201,"C",364
"560","Waterbuck","End of July 2009",NA,7,2009,"NA1","","dry",201,"N",10.5
"561","Waterbuck","End of July 2009",NA,7,2009,"NA1","","dry",201,"P",6.85
"562","Waterbuck","End of July 2009",NA,7,2009,"NA1","","dry",202,"C",327.4
"563","Waterbuck","End of July 2009",NA,7,2009,"NA1","","dry",202,"N",13.63
"564","Waterbuck","End of July 2009",NA,7,2009,"NA1","","dry",202,"P",1.96
"565","Waterbuck","End of July 2009",NA,7,2009,"NA1","","dry",203,"C",373
"566","Waterbuck","End of July 2009",NA,7,2009,"NA1","","dry",203,"N",11.1
"567","Waterbuck","End of July 2009",NA,7,2009,"NA1","","dry",203,"P",4.94
"568","Waterbuck","End of July 2009",NA,7,2009,"NA1","","dry",204,"C",397
"569","Waterbuck","End of July 2009",NA,7,2009,"NA1","","dry",204,"N",11.2
"570","Waterbuck","End of July 2009",NA,7,2009,"NA1","","dry",204,"P",2.14
"571","Waterbuck","End of July 2009",NA,7,2009,"NA1","","dry",205,"C",363.2
"572","Waterbuck","End of July 2009",NA,7,2009,"NA1","","dry",205,"N",10.21
"573","Waterbuck","End of July 2009",NA,7,2009,"NA1","","dry",205,"P",1.84
"574","Waterbuck","End of July 2009",NA,7,2009,"NA1","","dry",206,"C",381
"575","Waterbuck","End of July 2009",NA,7,2009,"NA1","","dry",206,"N",12.8
"576","Waterbuck","End of July 2009",NA,7,2009,"NA1","","dry",206,"P",1.77
"577","Waterbuck","End of July 2009",NA,7,2009,"NA1","","dry",207,"C",391
"578","Waterbuck","End of July 2009",NA,7,2009,"NA1","","dry",207,"N",10.6
"579","Waterbuck","End of July 2009",NA,7,2009,"NA1","","dry",207,"P",2.36
"580","Waterbuck","End of July 2009",NA,7,2009,"NA1","","dry",208,"C",383
"581","Waterbuck","End of July 2009",NA,7,2009,"NA1","","dry",208,"N",10.5
"582","Waterbuck","End of July 2009",NA,7,2009,"NA1","","dry",208,"P",2.44
"583","Waterbuck","End of July 2009",NA,7,2009,"NA1","","dry",209,"C",379
"584","Waterbuck","End of July 2009",NA,7,2009,"NA1","","dry",209,"N",10.3
"585","Waterbuck","End of July 2009",NA,7,2009,"NA1","","dry",209,"P",2.32
"586","Wildebeest","End of July 2009",NA,7,2009,"NA1","SA","dry",210,"C",362
"587","Wildebeest","End of July 2009",NA,7,2009,"NA1","SA","dry",210,"N",11.7
"588","Wildebeest","End of July 2009",NA,7,2009,"NA1","SA","dry",210,"P",3.04
"589","Wildebeest","End of July 2009",NA,7,2009,"NA1","SA","dry",211,"C",360
"590","Wildebeest","End of July 2009",NA,7,2009,"NA1","SA","dry",211,"N",11.6
"591","Wildebeest","End of July 2009",NA,7,2009,"NA1","SA","dry",211,"P",3.51
"592","Wildebeest","End of July 2009",NA,7,2009,"NA1","SA","dry",212,"C",362
"593","Wildebeest","End of July 2009",NA,7,2009,"NA1","SA","dry",212,"N",10.8
"594","Wildebeest","End of July 2009",NA,7,2009,"NA1","SA","dry",212,"P",3.35
"595","Wildebeest","End of July 2009",NA,7,2009,"NA1","SA","dry",213,"C",361
"596","Wildebeest","End of July 2009",NA,7,2009,"NA1","SA","dry",213,"N",11.1
"597","Wildebeest","End of July 2009",NA,7,2009,"NA1","SA","dry",213,"P",3.53
"598","Wildebeest","End of July 2009",NA,7,2009,"NA1","SA","dry",214,"C",360
"599","Wildebeest","End of July 2009",NA,7,2009,"NA1","SA","dry",214,"N",11.2
"600","Wildebeest","End of July 2009",NA,7,2009,"NA1","SA","dry",214,"P",3.12
"601","Buffalo","January 2010",NA,1,2010,"NA4","MK","wet",215,"N",9.45
"602","Buffalo","January 2010",NA,1,2010,"NA4","MK","wet",215,"P",1.98
"603","Buffalo","January 2010",NA,1,2010,"NA4","MK","wet",216,"N",15.22
"604","Buffalo","January 2010",NA,1,2010,"NA4","MK","wet",216,"P",2.35
"605","Buffalo","January 2010",NA,1,2010,"NA4","MK","wet",217,"N",14.36
"606","Buffalo","January 2010",NA,1,2010,"NA4","MK","wet",217,"P",2.56
"607","Buffalo","January 2010",NA,1,2010,"NA4","MK","wet",218,"N",18.45
"608","Buffalo","January 2010",NA,1,2010,"NA4","MK","wet",218,"P",2.93
"609","Bushbuck","January 2010",NA,1,2010,"NA4","SA","wet",219,"N",23.56
"610","Bushbuck","January 2010",NA,1,2010,"NA4","SA","wet",219,"P",3.84
"611","Bushbuck","January 2010",NA,1,2010,"NA4","SA","wet",220,"N",23.86
"612","Bushbuck","January 2010",NA,1,2010,"NA4","SA","wet",220,"P",4.44
"613","Elephant","January 2010",NA,1,2010,"NA4","MK","wet",221,"N",13.56
"614","Elephant","January 2010",NA,1,2010,"NA4","MK","wet",221,"P",1.36
"615","Elephant","January 2010",NA,1,2010,"NA4","SA","wet",222,"N",14.51
"616","Elephant","January 2010",NA,1,2010,"NA4","SA","wet",222,"P",1.35
"617","Elephant","January 2010",NA,1,2010,"NA4","MK","wet",223,"N",19.9
"618","Elephant","January 2010",NA,1,2010,"NA4","MK","wet",223,"P",1.79
"619","Elephant","January 2010",NA,1,2010,"NA4","MK","wet",224,"N",19
"620","Elephant","January 2010",NA,1,2010,"NA4","MK","wet",224,"P",1.47
"621","Giraffe","January 2010",NA,1,2010,"NA4","MK","wet",225,"N",30.5
"622","Giraffe","January 2010",NA,1,2010,"NA4","MK","wet",225,"P",2.66
"623","Giraffe","January 2010",NA,1,2010,"NA4","MK","wet",226,"N",30.81
"624","Giraffe","January 2010",NA,1,2010,"NA4","MK","wet",226,"P",3.07
"625","Giraffe","January 2010",NA,1,2010,"NA4","SA","wet",227,"N",35.56
"626","Giraffe","January 2010",NA,1,2010,"NA4","SA","wet",227,"P",3.05
"627","Giraffe","January 2010",NA,1,2010,"NA4","SA","wet",228,"N",36.1
"628","Giraffe","January 2010",NA,1,2010,"NA4","SA","wet",228,"P",3.3
"629","Giraffe","January 2010",NA,1,2010,"NA4","MK","wet",229,"N",39.68
"630","Giraffe","January 2010",NA,1,2010,"NA4","MK","wet",229,"P",3.26
"631","Grey duiker","January 2010",NA,1,2010,"NA4","MK","wet",230,"C",421.8
"632","Grey duiker","January 2010",NA,1,2010,"NA4","MK","wet",230,"N",27.84
"633","Grey duiker","January 2010",NA,1,2010,"NA4","MK","wet",230,"P",3.52
"634","Grey duiker","January 2010",NA,1,2010,"NA4","SA","wet",231,"C",446.2
"635","Grey duiker","January 2010",NA,1,2010,"NA4","SA","wet",231,"N",31.09
"636","Grey duiker","January 2010",NA,1,2010,"NA4","SA","wet",231,"P",3.83
"637","Grey duiker","January 2010",NA,1,2010,"NA4","SA","wet",232,"C",438
"638","Grey duiker","January 2010",NA,1,2010,"NA4","SA","wet",232,"N",27.69
"639","Grey duiker","January 2010",NA,1,2010,"NA4","SA","wet",232,"P",4.8
"640","Grey duiker","January 2010",NA,1,2010,"NA4","SA","wet",233,"C",421.8
"641","Grey duiker","January 2010",NA,1,2010,"NA4","SA","wet",233,"N",30.07
"642","Grey duiker","January 2010",NA,1,2010,"NA4","SA","wet",233,"P",3.19
"643","Hare","January 2010",NA,1,2010,"NA4","SA","wet",234,"N",17.16
"644","Hare","January 2010",NA,1,2010,"NA4","SA","wet",234,"P",1.72
"645","Hare","January 2010",NA,1,2010,"NA4","MK","wet",235,"N",14.4
"646","Hare","January 2010",NA,1,2010,"NA4","MK","wet",235,"P",0.99
"647","Hare","January 2010",NA,1,2010,"NA4","MK","wet",236,"N",19.28
"648","Hare","January 2010",NA,1,2010,"NA4","MK","wet",236,"P",1.63
"649","Rat","January 2010",NA,1,2010,"NA4","SA","wet",237,"N",7.1
"650","Rat","January 2010",NA,1,2010,"NA4","SA","wet",237,"P",1.08
"651","Rat","January 2010",NA,1,2010,"NA4","SA","wet",238,"N",9.09
"652","Rat","January 2010",NA,1,2010,"NA4","SA","wet",238,"P",1.48
"653","Rat","January 2010",NA,1,2010,"NA4","MK","wet",239,"N",14.13
"654","Rat","January 2010",NA,1,2010,"NA4","MK","wet",239,"P",2.45
"655","Rat","January 2010",NA,1,2010,"NA4","MK","wet",240,"N",13.86
"656","Rat","January 2010",NA,1,2010,"NA4","MK","wet",240,"P",2.35
"657","Rat","January 2010",NA,1,2010,"NA4","MK","wet",241,"N",13.04
"658","Rat","January 2010",NA,1,2010,"NA4","MK","wet",241,"P",1.8
"659","Rat","January 2010",NA,1,2010,"NA4","MK","wet",242,"N",14.21
"660","Rat","January 2010",NA,1,2010,"NA4","MK","wet",242,"P",1.91
"661","Reedbuck","January 2010",NA,1,2010,"NA4","SA","wet",243,"N",18.64
"662","Reedbuck","January 2010",NA,1,2010,"NA4","SA","wet",243,"P",3.36
"663","Warthog","January 2010",NA,1,2010,"NA4","MK","wet",244,"N",7.65
"664","Warthog","January 2010",NA,1,2010,"NA4","MK","wet",244,"P",1.34
"665","Warthog","January 2010",NA,1,2010,"NA4","MK","wet",245,"N",14.03
"666","Warthog","January 2010",NA,1,2010,"NA4","MK","wet",245,"P",3.09
"667","Warthog","January 2010",NA,1,2010,"NA4","MK","wet",246,"N",19.78
"668","Warthog","January 2010",NA,1,2010,"NA4","MK","wet",246,"P",3.28
"669","Waterbuck","January 2010",NA,1,2010,"NA4","MK","wet",247,"N",18.82
"670","Waterbuck","January 2010",NA,1,2010,"NA4","MK","wet",247,"P",5.16
"671","Wildebeest","January 2010",NA,1,2010,"NA4","SA","wet",248,"N",17.11
"672","Wildebeest","January 2010",NA,1,2010,"NA4","SA","wet",248,"P",3.04
"673","Wildebeest","January 2010",NA,1,2010,"NA4","SA","wet",249,"N",19.89
"674","Wildebeest","January 2010",NA,1,2010,"NA4","SA","wet",249,"P",2.59
"675","Zebra","January 2010",NA,1,2010,"NA4","SA","wet",250,"N",13.09
"676","Zebra","January 2010",NA,1,2010,"NA4","SA","wet",250,"P",5.32
"677","Zebra","January 2010",NA,1,2010,"NA4","SA","wet",251,"N",16.7
"678","Zebra","January 2010",NA,1,2010,"NA4","SA","wet",251,"P",5.47
"679","Zebra","January 2010",NA,1,2010,"NA4","SA","wet",252,"N",15.87
"680","Zebra","January 2010",NA,1,2010,"NA4","SA","wet",252,"P",5.3
"681","Zebra","January 2010",NA,1,2010,"NA4","SA","wet",253,"N",14.38
"682","Zebra","January 2010",NA,1,2010,"NA4","SA","wet",253,"P",5.45
"683","Zebra","January 2010",NA,1,2010,"NA4","SA","wet",254,"N",15.93
"684","Zebra","January 2010",NA,1,2010,"NA4","SA","wet",254,"P",4.49
"685","Buffalo","Mid February 2010",NA,2,2010,"DBP2","SA","dry",255,"C",325.7
"686","Buffalo","Mid February 2010",NA,2,2010,"DBP2","SA","dry",255,"N",13.12
"687","Buffalo","Mid February 2010",NA,2,2010,"DBP2","SA","dry",255,"P",1.85
"688","Buffalo","Mid February 2010",NA,2,2010,"DBP2","SA","dry",256,"C",257
"689","Buffalo","Mid February 2010",NA,2,2010,"DBP2","SA","dry",256,"N",11.56
"690","Buffalo","Mid February 2010",NA,2,2010,"DBP2","SA","dry",256,"P",1.65
"691","Buffalo","Mid February 2010",NA,2,2010,"DBP2","SA","dry",257,"C",172
"692","Buffalo","Mid February 2010",NA,2,2010,"DBP2","SA","dry",257,"N",8.99
"693","Buffalo","Mid February 2010",NA,2,2010,"DBP2","SA","dry",257,"P",1.26
"694","Buffalo","Mid February 2010",NA,2,2010,"DBP2","SA","dry",258,"C",189
"695","Buffalo","Mid February 2010",NA,2,2010,"DBP2","SA","dry",258,"N",10.71
"696","Buffalo","Mid February 2010",NA,2,2010,"DBP2","SA","dry",258,"P",1.46
"697","Elephant","Mid February 2010",NA,2,2010,"DBP2","SA","dry",259,"N",15.24
"698","Elephant","Mid February 2010",NA,2,2010,"DBP2","SA","dry",259,"P",1.58
"699","Elephant","Mid February 2010",NA,2,2010,"DBP2","SA","dry",260,"C",444.9
"700","Elephant","Mid February 2010",NA,2,2010,"DBP2","SA","dry",260,"N",13.21
"701","Elephant","Mid February 2010",NA,2,2010,"DBP2","SA","dry",260,"P",1.69
"702","Elephant","Mid February 2010",NA,2,2010,"DBP2","SA","dry",261,"C",458.1
"703","Elephant","Mid February 2010",NA,2,2010,"DBP2","SA","dry",261,"N",14.49
"704","Elephant","Mid February 2010",NA,2,2010,"DBP2","SA","dry",261,"P",1.99
"705","Elephant","Mid February 2010",NA,2,2010,"DBP2","SA","dry",262,"C",458.5
"706","Elephant","Mid February 2010",NA,2,2010,"DBP2","SA","dry",262,"N",15.39
"707","Elephant","Mid February 2010",NA,2,2010,"DBP2","SA","dry",262,"P",1.99
"708","Elephant","Mid February 2010",NA,2,2010,"DBP2","SA","dry",263,"C",456.4
"709","Elephant","Mid February 2010",NA,2,2010,"DBP2","SA","dry",263,"N",12.27
"710","Elephant","Mid February 2010",NA,2,2010,"DBP2","SA","dry",263,"P",1.49
"711","Wildebeest","Mid February 2010",NA,2,2010,"DBP2","SA","dry",264,"C",398.3
"712","Wildebeest","Mid February 2010",NA,2,2010,"DBP2","SA","dry",264,"N",14.24
"713","Wildebeest","Mid February 2010",NA,2,2010,"DBP2","SA","dry",264,"P",3.46
"714","Wildebeest","Mid February 2010",NA,2,2010,"DBP2","SA","dry",265,"C",392.2
"715","Wildebeest","Mid February 2010",NA,2,2010,"DBP2","SA","dry",265,"N",13.32
"716","Wildebeest","Mid February 2010",NA,2,2010,"DBP2","SA","dry",265,"P",3.65
"717","Wildebeest","Mid February 2010",NA,2,2010,"DBP2","SA","dry",266,"C",458.1
"718","Wildebeest","Mid February 2010",NA,2,2010,"DBP2","SA","dry",266,"N",13.79
"719","Wildebeest","Mid February 2010",NA,2,2010,"DBP2","SA","dry",266,"P",3.52
"720","Wildebeest","Mid February 2010",NA,2,2010,"DBP2","SA","dry",267,"C",397
"721","Wildebeest","Mid February 2010",NA,2,2010,"DBP2","SA","dry",267,"N",13.63
"722","Wildebeest","Mid February 2010",NA,2,2010,"DBP2","SA","dry",267,"P",3.45
"723","Wildebeest","Mid February 2010",NA,2,2010,"DBP2","SA","dry",268,"C",399
"724","Wildebeest","Mid February 2010",NA,2,2010,"DBP2","SA","dry",268,"N",13.96
"725","Wildebeest","Mid February 2010",NA,2,2010,"DBP2","SA","dry",268,"P",3.6
"726","Zebra","Mid February 2010",NA,2,2010,"DBP2","SA","dry",269,"N",9.94
"727","Zebra","Mid February 2010",NA,2,2010,"DBP2","SA","dry",269,"P",1.48
"728","Zebra","Mid February 2010",NA,2,2010,"DBP2","SA","dry",270,"C",406.9
"729","Zebra","Mid February 2010",NA,2,2010,"DBP2","SA","dry",270,"N",8.79
"730","Zebra","Mid February 2010",NA,2,2010,"DBP2","SA","dry",270,"P",1.93
"731","Zebra","Mid February 2010",NA,2,2010,"DBP2","MK","dry",271,"C",415.9
"732","Zebra","Mid February 2010",NA,2,2010,"DBP2","MK","dry",271,"N",8.84
"733","Zebra","Mid February 2010",NA,2,2010,"DBP2","MK","dry",271,"P",1.99
"734","Zebra","Mid February 2010",NA,2,2010,"DBP2","SA","dry",272,"C",420.8
"735","Zebra","Mid February 2010",NA,2,2010,"DBP2","SA","dry",272,"N",8.85
"736","Zebra","Mid February 2010",NA,2,2010,"DBP2","SA","dry",272,"P",1.72
"737","Zebra","Mid February 2010",NA,2,2010,"DBP2","SA","dry",273,"C",413.9
"738","Zebra","Mid February 2010",NA,2,2010,"DBP2","SA","dry",273,"N",9.89
"739","Zebra","Mid February 2010",NA,2,2010,"DBP2","SA","dry",273,"P",2.2
"740","Buffalo","Mid September 2009",NA,9,2009,"NA2","MK","dry",274,"N",11.47
"741","Buffalo","Mid September 2009",NA,9,2009,"NA2","MK","dry",274,"P",2.24
"742","Buffalo","Mid September 2009",NA,9,2009,"NA2","SA","dry",275,"N",10.44
"743","Buffalo","Mid September 2009",NA,9,2009,"NA2","SA","dry",275,"P",1.86
"744","Buffalo","Mid September 2009",NA,9,2009,"NA2","SA","dry",276,"N",9.67
"745","Buffalo","Mid September 2009",NA,9,2009,"NA2","SA","dry",276,"P",1.6
"746","Buffalo","Mid September 2009",NA,9,2009,"NA2","SA","dry",277,"N",7.4
"747","Buffalo","Mid September 2009",NA,9,2009,"NA2","SA","dry",277,"P",1.44
"748","Buffalo","Mid September 2009",NA,9,2009,"NA2","SA","dry",278,"N",11.29
"749","Buffalo","Mid September 2009",NA,9,2009,"NA2","SA","dry",278,"P",2.2
"750","Buffalo","Mid September 2009",NA,9,2009,"NA2","SA","dry",279,"N",9.8
"751","Buffalo","Mid September 2009",NA,9,2009,"NA2","SA","dry",279,"P",1.81
"752","Bushbuck","Mid September 2009",NA,9,2009,"NA2","SA","dry",280,"N",18.43
"753","Bushbuck","Mid September 2009",NA,9,2009,"NA2","SA","dry",280,"P",3.56
"754","Bushbuck","Mid September 2009",NA,9,2009,"NA2","SA","dry",281,"N",14.51
"755","Bushbuck","Mid September 2009",NA,9,2009,"NA2","SA","dry",281,"P",4
"756","Bushbuck","Mid September 2009",NA,9,2009,"NA2","SA","dry",282,"N",9.74
"757","Bushbuck","Mid September 2009",NA,9,2009,"NA2","SA","dry",282,"P",2.23
"758","Bushbuck","Mid September 2009",NA,9,2009,"NA2","MK","dry",283,"N",11.36
"759","Bushbuck","Mid September 2009",NA,9,2009,"NA2","MK","dry",283,"P",1.94
"760","Bushbuck","Mid September 2009",NA,9,2009,"NA2","MK","dry",284,"N",11.36
"761","Bushbuck","Mid September 2009",NA,9,2009,"NA2","MK","dry",284,"P",1.94
"762","Bushbuck","Mid September 2009",NA,9,2009,"NA2","MK","dry",285,"N",19.37
"763","Bushbuck","Mid September 2009",NA,9,2009,"NA2","MK","dry",285,"P",2.25
"764","Bushbuck","Mid September 2009",NA,9,2009,"NA2","MK","dry",286,"N",24.97
"765","Bushbuck","Mid September 2009",NA,9,2009,"NA2","MK","dry",286,"P",2.99
"766","Bushbuck","Mid September 2009",NA,9,2009,"NA2","MK","dry",287,"N",19.3
"767","Bushbuck","Mid September 2009",NA,9,2009,"NA2","MK","dry",287,"P",2.33
"768","Elephant","Mid September 2009",NA,9,2009,"NA2","MK","dry",288,"N",13.58
"769","Elephant","Mid September 2009",NA,9,2009,"NA2","MK","dry",288,"P",1.85
"770","Elephant","Mid September 2009",NA,9,2009,"NA2","MK","dry",289,"N",7.76
"771","Elephant","Mid September 2009",NA,9,2009,"NA2","MK","dry",289,"P",1.4
"772","Elephant","Mid September 2009",NA,9,2009,"NA2","MK","dry",290,"N",10.94
"773","Elephant","Mid September 2009",NA,9,2009,"NA2","MK","dry",290,"P",1.38
"774","Elephant","Mid September 2009",NA,9,2009,"NA2","MK","dry",291,"N",11.36
"775","Elephant","Mid September 2009",NA,9,2009,"NA2","MK","dry",291,"P",1.94
"776","Elephant","Mid September 2009",NA,9,2009,"NA2","MK","dry",292,"N",11.42
"777","Elephant","Mid September 2009",NA,9,2009,"NA2","MK","dry",292,"P",1.55
"778","Giraffe","Mid September 2009",NA,9,2009,"NA2","SA","dry",293,"N",23.82
"779","Giraffe","Mid September 2009",NA,9,2009,"NA2","SA","dry",293,"P",3.29
"780","Giraffe","Mid September 2009",NA,9,2009,"NA2","SA","dry",294,"N",10.78
"781","Giraffe","Mid September 2009",NA,9,2009,"NA2","SA","dry",294,"P",2.42
"782","Giraffe","Mid September 2009",NA,9,2009,"NA2","MK","dry",295,"N",29.29
"783","Giraffe","Mid September 2009",NA,9,2009,"NA2","MK","dry",295,"P",5.51
"784","Giraffe","Mid September 2009",NA,9,2009,"NA2","SA","dry",296,"N",10.58
"785","Giraffe","Mid September 2009",NA,9,2009,"NA2","SA","dry",296,"P",4.39
"786","Giraffe","Mid September 2009",NA,9,2009,"NA2","SA","dry",297,"N",24.57
"787","Giraffe","Mid September 2009",NA,9,2009,"NA2","SA","dry",297,"P",2.78
"788","Giraffe","Mid September 2009",NA,9,2009,"NA2","SA","dry",298,"N",9.53
"789","Giraffe","Mid September 2009",NA,9,2009,"NA2","SA","dry",298,"P",2.6
"790","Grey duiker","Mid September 2009",NA,9,2009,"NA2","MK","dry",299,"C",412
"791","Grey duiker","Mid September 2009",NA,9,2009,"NA2","MK","dry",299,"N",20.98
"792","Grey duiker","Mid September 2009",NA,9,2009,"NA2","MK","dry",299,"P",6
"793","Grey duiker","Mid September 2009",NA,9,2009,"NA2","MK","dry",300,"C",456.6
"794","Grey duiker","Mid September 2009",NA,9,2009,"NA2","MK","dry",300,"N",12.66
"795","Grey duiker","Mid September 2009",NA,9,2009,"NA2","MK","dry",300,"P",2.67
"796","Grey duiker","Mid September 2009",NA,9,2009,"NA2","MK","dry",301,"C",481.2
"797","Grey duiker","Mid September 2009",NA,9,2009,"NA2","MK","dry",301,"N",26.61
"798","Grey duiker","Mid September 2009",NA,9,2009,"NA2","MK","dry",301,"P",2.94
"799","Grey duiker","Mid September 2009",NA,9,2009,"NA2","MK","dry",302,"C",412
"800","Grey duiker","Mid September 2009",NA,9,2009,"NA2","MK","dry",302,"N",24.15
"801","Grey duiker","Mid September 2009",NA,9,2009,"NA2","MK","dry",302,"P",2.48
"802","Grey duiker","Mid September 2009",NA,9,2009,"NA2","SA","dry",303,"C",416.3
"803","Grey duiker","Mid September 2009",NA,9,2009,"NA2","SA","dry",303,"N",16
"804","Grey duiker","Mid September 2009",NA,9,2009,"NA2","SA","dry",303,"P",2.62
"805","Grey duiker","Mid September 2009",NA,9,2009,"NA2","MK","dry",304,"C",427.4
"806","Grey duiker","Mid September 2009",NA,9,2009,"NA2","MK","dry",304,"N",21.87
"807","Grey duiker","Mid September 2009",NA,9,2009,"NA2","MK","dry",304,"P",6.66
"808","Hare","Mid September 2009",NA,9,2009,"NA2","SA","dry",305,"N",20.67
"809","Hare","Mid September 2009",NA,9,2009,"NA2","SA","dry",305,"P",2.63
"810","Hare","Mid September 2009",NA,9,2009,"NA2","SA","dry",306,"N",8.03
"811","Hare","Mid September 2009",NA,9,2009,"NA2","SA","dry",306,"P",1
"812","Hare","Mid September 2009",NA,9,2009,"NA2","SA","dry",307,"N",8.87
"813","Hare","Mid September 2009",NA,9,2009,"NA2","SA","dry",307,"P",1.04
"814","Hare","Mid September 2009",NA,9,2009,"NA2","SA","dry",308,"N",9.42
"815","Hare","Mid September 2009",NA,9,2009,"NA2","SA","dry",308,"P",1.23
"816","Hare","Mid September 2009",NA,9,2009,"NA2","SA","dry",309,"N",11.36
"817","Hare","Mid September 2009",NA,9,2009,"NA2","SA","dry",309,"P",1.94
"818","Rat","Mid September 2009",NA,9,2009,"NA2","","dry",310,"N",3.82
"819","Rat","Mid September 2009",NA,9,2009,"NA2","","dry",310,"P",0.34
"820","Rat","Mid September 2009",NA,9,2009,"NA2","","dry",311,"N",3.42
"821","Rat","Mid September 2009",NA,9,2009,"NA2","","dry",311,"P",0.38
"822","Rat","Mid September 2009",NA,9,2009,"NA2","","dry",312,"N",5.01
"823","Rat","Mid September 2009",NA,9,2009,"NA2","","dry",312,"P",0.34
"824","Rat","Mid September 2009",NA,9,2009,"NA2","","dry",313,"N",11.36
"825","Rat","Mid September 2009",NA,9,2009,"NA2","","dry",313,"P",1.94
"826","Reedbuck","Mid September 2009",NA,9,2009,"NA2","SA","dry",314,"N",13.47
"827","Reedbuck","Mid September 2009",NA,9,2009,"NA2","SA","dry",314,"P",4.77
"828","Reedbuck","Mid September 2009",NA,9,2009,"NA2","SA","dry",315,"N",10.87
"829","Reedbuck","Mid September 2009",NA,9,2009,"NA2","SA","dry",315,"P",4.36
"830","Reedbuck","Mid September 2009",NA,9,2009,"NA2","SA","dry",316,"N",13.81
"831","Reedbuck","Mid September 2009",NA,9,2009,"NA2","SA","dry",316,"P",2.33
"832","Reedbuck","Mid September 2009",NA,9,2009,"NA2","SA","dry",317,"N",11.36
"833","Reedbuck","Mid September 2009",NA,9,2009,"NA2","SA","dry",317,"P",1.94
"834","Reedbuck","Mid September 2009",NA,9,2009,"NA2","SA","dry",318,"N",11.58
"835","Reedbuck","Mid September 2009",NA,9,2009,"NA2","SA","dry",318,"P",2.83
"836","Reedbuck","Mid September 2009",NA,9,2009,"NA2","SA","dry",319,"N",12.08
"837","Reedbuck","Mid September 2009",NA,9,2009,"NA2","SA","dry",319,"P",3.42
"838","Warthog","Mid September 2009",NA,9,2009,"NA2","MK","dry",320,"N",10.7
"839","Warthog","Mid September 2009",NA,9,2009,"NA2","MK","dry",320,"P",1.51
"840","Warthog","Mid September 2009",NA,9,2009,"NA2","MK","dry",321,"N",11.55
"841","Warthog","Mid September 2009",NA,9,2009,"NA2","MK","dry",321,"P",3.8
"842","Warthog","Mid September 2009",NA,9,2009,"NA2","MK","dry",322,"N",11.36
"843","Warthog","Mid September 2009",NA,9,2009,"NA2","MK","dry",322,"P",1.94
"844","Warthog","Mid September 2009",NA,9,2009,"NA2","MK","dry",323,"N",11.36
"845","Warthog","Mid September 2009",NA,9,2009,"NA2","MK","dry",323,"P",1.94
"846","Warthog","Mid September 2009",NA,9,2009,"NA2","MK","dry",324,"N",11.48
"847","Warthog","Mid September 2009",NA,9,2009,"NA2","MK","dry",324,"P",2.51
"848","Warthog","Mid September 2009",NA,9,2009,"NA2","MK","dry",325,"N",10.27
"849","Warthog","Mid September 2009",NA,9,2009,"NA2","MK","dry",325,"P",2.88
"850","Waterbuck","Mid September 2009",NA,9,2009,"NA2","MK","dry",326,"N",11.59
"851","Waterbuck","Mid September 2009",NA,9,2009,"NA2","MK","dry",326,"P",3.13
"852","Waterbuck","Mid September 2009",NA,9,2009,"NA2","SA","dry",327,"N",12.91
"853","Waterbuck","Mid September 2009",NA,9,2009,"NA2","SA","dry",327,"P",3.08
"854","Waterbuck","Mid September 2009",NA,9,2009,"NA2","MK","dry",328,"N",14.24
"855","Waterbuck","Mid September 2009",NA,9,2009,"NA2","MK","dry",328,"P",2.57
"856","Waterbuck","Mid September 2009",NA,9,2009,"NA2","SA","dry",329,"N",11.36
"857","Waterbuck","Mid September 2009",NA,9,2009,"NA2","SA","dry",329,"P",1.94
"858","Waterbuck","Mid September 2009",NA,9,2009,"NA2","MK","dry",330,"N",13.29
"859","Waterbuck","Mid September 2009",NA,9,2009,"NA2","MK","dry",330,"P",2.48
"860","Waterbuck","Mid September 2009",NA,9,2009,"NA2","SA","dry",331,"N",11.36
"861","Waterbuck","Mid September 2009",NA,9,2009,"NA2","SA","dry",331,"P",1.94
"862","Waterbuck","Mid September 2009",NA,9,2009,"NA2","MK","dry",332,"N",14.05
"863","Waterbuck","Mid September 2009",NA,9,2009,"NA2","MK","dry",332,"P",6.37
"864","Waterbuck","Mid September 2009",NA,9,2009,"NA2","SA","dry",333,"N",11.75
"865","Waterbuck","Mid September 2009",NA,9,2009,"NA2","SA","dry",333,"P",2.61
"866","Waterbuck","Mid September 2009",NA,9,2009,"NA2","MK","dry",334,"N",14.96
"867","Waterbuck","Mid September 2009",NA,9,2009,"NA2","MK","dry",334,"P",2.77
"868","Waterbuck","Mid September 2009",NA,9,2009,"NA2","SA","dry",335,"N",14.68
"869","Waterbuck","Mid September 2009",NA,9,2009,"NA2","SA","dry",335,"P",3.71
"870","Wildebeest","Mid September 2009",NA,9,2009,"NA2","SA","dry",336,"N",8.91
"871","Wildebeest","Mid September 2009",NA,9,2009,"NA2","SA","dry",336,"P",6.08
"872","Wildebeest","Mid September 2009",NA,9,2009,"NA2","SA","dry",337,"N",7.7
"873","Wildebeest","Mid September 2009",NA,9,2009,"NA2","SA","dry",337,"P",4.66
"874","Wildebeest","Mid September 2009",NA,9,2009,"NA2","SA","dry",338,"N",7.71
"875","Wildebeest","Mid September 2009",NA,9,2009,"NA2","SA","dry",338,"P",5.01
"876","Wildebeest","Mid September 2009",NA,9,2009,"NA2","SA","dry",339,"N",8.4
"877","Wildebeest","Mid September 2009",NA,9,2009,"NA2","SA","dry",339,"P",4.03
